word,topic
abase,1500 advanced words
aberration,1500 advanced words
abet,1500 advanced words
abeyance,1500 advanced words
abhor,1500 advanced words
abjure,1500 advanced words
abstemious,1500 advanced words
abut,1500 advanced words
abysmal,1500 advanced words
accede,1500 advanced words
accentuate,1500 advanced words
accolade,1500 advanced words
accord,1500 advanced words
acerbic,1500 advanced words
acme,1500 advanced words
acquiesce,1500 advanced words
acrid,1500 advanced words
acrimony,1500 advanced words
acronym,1500 advanced words
actuate,1500 advanced words
adage,1500 advanced words
adjure,1500 advanced words
admonish,1500 advanced words
adulation,1500 advanced words
adulterate,1500 advanced words
adventitious,1500 advanced words
adverse,1500 advanced words
advert,1500 advanced words
advocate,1500 advanced words
affable,1500 advanced words
affect,1500 advanced words
affection,1500 advanced words
afflict,1500 advanced words
aggrieve,1500 advanced words
agitated,1500 advanced words
aide,1500 advanced words
alacrity,1500 advanced words
alcove,1500 advanced words
allay,1500 advanced words
allege,1500 advanced words
amalgamate,1500 advanced words
ambiguity,1500 advanced words
ambitious,1500 advanced words
ambivalence,1500 advanced words
ambrosia,1500 advanced words
amenable,1500 advanced words
amiable,1500 advanced words
amicable,1500 advanced words
anachronism,1500 advanced words
analogy,1500 advanced words
andragogy,1500 advanced words
angst,1500 advanced words
animus,1500 advanced words
anodyne,1500 advanced words
anomaly,1500 advanced words
anthropomorphic,1500 advanced words
antithesis,1500 advanced words
antonym,1500 advanced words
anxiety,1500 advanced words
apathetic,1500 advanced words
aphorism,1500 advanced words
apocryphal,1500 advanced words
apologist,1500 advanced words
apostate,1500 advanced words
apotheosis,1500 advanced words
apparent,1500 advanced words
appease,1500 advanced words
append,1500 advanced words
appoint,1500 advanced words
apposite,1500 advanced words
appreciation,1500 advanced words
apprehensive,1500 advanced words
approach,1500 advanced words
appurtenance,1500 advanced words
apropos,1500 advanced words
apt,1500 advanced words
aquiline,1500 advanced words
arbitrary,1500 advanced words
arbitrate,1500 advanced words
arcane,1500 advanced words
archetype,1500 advanced words
armada,1500 advanced words
arrogate,1500 advanced words
articulate,1500 advanced words
artificial,1500 advanced words
ascendancy,1500 advanced words
ascertain,1500 advanced words
askance,1500 advanced words
asperity,1500 advanced words
aspersion,1500 advanced words
assail,1500 advanced words
assay,1500 advanced words
assent,1500 advanced words
assert,1500 advanced words
assertion,1500 advanced words
assiduous,1500 advanced words
assonance,1500 advanced words
astonishment,1500 advanced words
astringent,1500 advanced words
asunder,1500 advanced words
atavism,1500 advanced words
attitude,1500 advanced words
attribute,1500 advanced words
audacious,1500 advanced words
augury,1500 advanced words
august,1500 advanced words
auspices,1500 advanced words
austere,1500 advanced words
automate,1500 advanced words
avarice,1500 advanced words
averse,1500 advanced words
aversion,1500 advanced words
avocation,1500 advanced words
axiom,1500 advanced words
badinage,1500 advanced words
baleful,1500 advanced words
banal,1500 advanced words
bandy,1500 advanced words
bane,1500 advanced words
banter,1500 advanced words
bate,1500 advanced words
bauble,1500 advanced words
beatific,1500 advanced words
befuddled,1500 advanced words
beguile,1500 advanced words
beleaguer,1500 advanced words
belie,1500 advanced words
bellicose,1500 advanced words
bemuse,1500 advanced words
bemused,1500 advanced words
benchmarking,1500 advanced words
benighted,1500 advanced words
bent,1500 advanced words
bequeath,1500 advanced words
beseech,1500 advanced words
besiege,1500 advanced words
bestow,1500 advanced words
betoken,1500 advanced words
betrothed,1500 advanced words
bilious,1500 advanced words
bitter,1500 advanced words
blanch,1500 advanced words
bland,1500 advanced words
blatant,1500 advanced words
blighted,1500 advanced words
bluster,1500 advanced words
boast,1500 advanced words
bolt,1500 advanced words
bombastic,1500 advanced words
bonhomie,1500 advanced words
boondoggle,1500 advanced words
bouillon,1500 advanced words
bourgeois,1500 advanced words
brainstorming,1500 advanced words
brash,1500 advanced words
bravado,1500 advanced words
brawn,1500 advanced words
brazen,1500 advanced words
brogue,1500 advanced words
brooch,1500 advanced words
brook,1500 advanced words
bucolic,1500 advanced words
bullion,1500 advanced words
bulwark,1500 advanced words
burgeon,1500 advanced words
burnish,1500 advanced words
buxom,1500 advanced words
cabal,1500 advanced words
cacophony,1500 advanced words
cadaverous,1500 advanced words
cajole,1500 advanced words
callous,1500 advanced words
camaraderie,1500 advanced words
cameo,1500 advanced words
campaign,1500 advanced words
candid,1500 advanced words
candor,1500 advanced words
canto,1500 advanced words
capitulate,1500 advanced words
caprice,1500 advanced words
capricious,1500 advanced words
captious,1500 advanced words
careen,1500 advanced words
carrion,1500 advanced words
categorical,1500 advanced words
caucus,1500 advanced words
caustic,1500 advanced words
cavalier,1500 advanced words
cede,1500 advanced words
chaff,1500 advanced words
chagrin,1500 advanced words
chamber,1500 advanced words
charisma,1500 advanced words
chary,1500 advanced words
chastise,1500 advanced words
checkered,1500 advanced words
chide,1500 advanced words
choleric,1500 advanced words
churlish,1500 advanced words
circumspect,1500 advanced words
circumstances,1500 advanced words
circumvent,1500 advanced words
cite,1500 advanced words
clad,1500 advanced words
clandestine,1500 advanced words
cleave,1500 advanced words
cloying,1500 advanced words
coarse,1500 advanced words
coax,1500 advanced words
codicil,1500 advanced words
coerce,1500 advanced words
cogent,1500 advanced words
cognate,1500 advanced words
cognition,1500 advanced words
cohere,1500 advanced words
coherent,1500 advanced words
coiffure,1500 advanced words
collaborate,1500 advanced words
collation,1500 advanced words
colloquial,1500 advanced words
commiserate,1500 advanced words
commission,1500 advanced words
commit,1500 advanced words
compel,1500 advanced words
complacency,1500 advanced words
complacent,1500 advanced words
comport,1500 advanced words
comprehensive,1500 advanced words
conceit,1500 advanced words
concept,1500 advanced words
concern,1500 advanced words
conciliatory,1500 advanced words
concomitant,1500 advanced words
condescending,1500 advanced words
conducive,1500 advanced words
confer,1500 advanced words
confidant,1500 advanced words
confluence,1500 advanced words
congeal,1500 advanced words
conjugal,1500 advanced words
conjure,1500 advanced words
connive,1500 advanced words
connotation,1500 advanced words
conscientious,1500 advanced words
consecrate,1500 advanced words
consider,1500 advanced words
console,1500 advanced words
conspicuous,1500 advanced words
constant,1500 advanced words
constituency,1500 advanced words
constitute,1500 advanced words
constrained,1500 advanced words
construe,1500 advanced words
contemplative,1500 advanced words
contempt,1500 advanced words
contend,1500 advanced words
contentious,1500 advanced words
contradictory,1500 advanced words
contrive,1500 advanced words
contrived,1500 advanced words
contusion,1500 advanced words
conundrum,1500 advanced words
convalesce,1500 advanced words
convince,1500 advanced words
corpulent,1500 advanced words
correlation,1500 advanced words
countermand,1500 advanced words
cower,1500 advanced words
coy,1500 advanced words
cozen,1500 advanced words
crabbed,1500 advanced words
craven,1500 advanced words
creative,1500 advanced words
credence,1500 advanced words
credible,1500 advanced words
credo,1500 advanced words
crevice,1500 advanced words
crew,1500 advanced words
criterion,1500 advanced words
critical,1500 advanced words
crone,1500 advanced words
crude,1500 advanced words
cryptic,1500 advanced words
cumulative,1500 advanced words
cupidity,1500 advanced words
curious,1500 advanced words
curriculum,1500 advanced words
curt,1500 advanced words
cynical,1500 advanced words
dais,1500 advanced words
dapper,1500 advanced words
dearth,1500 advanced words
debacle,1500 advanced words
debase,1500 advanced words
decadence,1500 advanced words
declivity,1500 advanced words
decorum,1500 advanced words
decree,1500 advanced words
decry,1500 advanced words
deduce,1500 advanced words
deference,1500 advanced words
deferential,1500 advanced words
defray,1500 advanced words
deign,1500 advanced words
dejected,1500 advanced words
delicacy,1500 advanced words
delve,1500 advanced words
demonstrable,1500 advanced words
demoralize,1500 advanced words
demure,1500 advanced words
denouement,1500 advanced words
dense,1500 advanced words
depose,1500 advanced words
deprave,1500 advanced words
depredation,1500 advanced words
derelict,1500 advanced words
deride,1500 advanced words
derisive,1500 advanced words
derived,1500 advanced words
descry,1500 advanced words
despair,1500 advanced words
despoil,1500 advanced words
despondent,1500 advanced words
despot,1500 advanced words
developmental,1500 advanced words
device,1500 advanced words
devolve,1500 advanced words
diadem,1500 advanced words
dichotomy,1500 advanced words
dictum,1500 advanced words
didactic,1500 advanced words
diffidence,1500 advanced words
diffident,1500 advanced words
dilettante,1500 advanced words
diligent,1500 advanced words
dingy,1500 advanced words
dint,1500 advanced words
dire,1500 advanced words
disaffected,1500 advanced words
disapprobation,1500 advanced words
disconcert,1500 advanced words
disconsolate,1500 advanced words
discreet,1500 advanced words
discretionary,1500 advanced words
discriminating,1500 advanced words
discursive,1500 advanced words
disdain,1500 advanced words
disembark,1500 advanced words
disgorge,1500 advanced words
disgruntled,1500 advanced words
disgust,1500 advanced words
disheveled,1500 advanced words
dismay,1500 advanced words
disparagement,1500 advanced words
dispassionate,1500 advanced words
dispatch,1500 advanced words
disport,1500 advanced words
disposition,1500 advanced words
disquisition,1500 advanced words
dissemble,1500 advanced words
dissertation,1500 advanced words
dissimulate,1500 advanced words
distend,1500 advanced words
distinction,1500 advanced words
divergent,1500 advanced words
diversified,1500 advanced words
divulge,1500 advanced words
docile,1500 advanced words
dogged,1500 advanced words
doggerel,1500 advanced words
domination,1500 advanced words
dormer,1500 advanced words
dotage,1500 advanced words
dote,1500 advanced words
dregs,1500 advanced words
dubious,1500 advanced words
dulcet,1500 advanced words
dutiful,1500 advanced words
dwell,1500 advanced words
dyspeptic,1500 advanced words
eager,1500 advanced words
earnest,1500 advanced words
ebb,1500 advanced words
ecstatic,1500 advanced words
edict,1500 advanced words
edifice,1500 advanced words
effervescence,1500 advanced words
effete,1500 advanced words
effluvium,1500 advanced words
effulgence,1500 advanced words
effusive,1500 advanced words
egregious,1500 advanced words
elaborate,1500 advanced words
elan,1500 advanced words
elated,1500 advanced words
elegiac,1500 advanced words
ellipsis,1500 advanced words
eloquence,1500 advanced words
eloquent,1500 advanced words
elude,1500 advanced words
elysian,1500 advanced words
embezzle,1500 advanced words
emblazon,1500 advanced words
emboss,1500 advanced words
embroil,1500 advanced words
emend,1500 advanced words
emergent,1500 advanced words
emetic,1500 advanced words
emolument,1500 advanced words
empathetic,1500 advanced words
empathy,1500 advanced words
emphasize,1500 advanced words
enamor,1500 advanced words
encroachment,1500 advanced words
encumber,1500 advanced words
endow,1500 advanced words
endue,1500 advanced words
enduring,1500 advanced words
enervate,1500 advanced words
engage,1500 advanced words
engaging,1500 advanced words
enigma,1500 advanced words
enjoin,1500 advanced words
enmity,1500 advanced words
ennui,1500 advanced words
enrapture,1500 advanced words
ensconce,1500 advanced words
ensue,1500 advanced words
entertain,1500 advanced words
enthusiastic,1500 advanced words
entomology,1500 advanced words
entreat,1500 advanced words
ephemeral,1500 advanced words
epiphany,1500 advanced words
epitaph,1500 advanced words
epitome,1500 advanced words
equable,1500 advanced words
equanimity,1500 advanced words
equivocate,1500 advanced words
erode,1500 advanced words
errant,1500 advanced words
ersatz,1500 advanced words
erstwhile,1500 advanced words
erudite,1500 advanced words
eschew,1500 advanced words
esoteric,1500 advanced words
espouse,1500 advanced words
establish,1500 advanced words
esteem,1500 advanced words
estrange,1500 advanced words
eugenic,1500 advanced words
euphemism,1500 advanced words
evanescent,1500 advanced words
evident,1500 advanced words
exalt,1500 advanced words
exasperate,1500 advanced words
excise,1500 advanced words
execrable,1500 advanced words
execrate,1500 advanced words
exegesis,1500 advanced words
exert,1500 advanced words
exertion,1500 advanced words
exigency,1500 advanced words
existential,1500 advanced words
exorbitant,1500 advanced words
expatiate,1500 advanced words
expiate,1500 advanced words
explicate,1500 advanced words
exploit,1500 advanced words
exploitation,1500 advanced words
exponential,1500 advanced words
expostulation,1500 advanced words
extenuate,1500 advanced words
extol,1500 advanced words
extort,1500 advanced words
extravagant,1500 advanced words
exuberant,1500 advanced words
fabricate,1500 advanced words
facetious,1500 advanced words
facile,1500 advanced words
faction,1500 advanced words
factious,1500 advanced words
factitious,1500 advanced words
fad,1500 advanced words
fallow,1500 advanced words
fanciful,1500 advanced words
fancy,1500 advanced words
fare,1500 advanced words
fastidious,1500 advanced words
fathom,1500 advanced words
fatuous,1500 advanced words
fawning,1500 advanced words
felicitous,1500 advanced words
fervent,1500 advanced words
fiasco,1500 advanced words
filch,1500 advanced words
finagle,1500 advanced words
financial,1500 advanced words
firebrand,1500 advanced words
fissure,1500 advanced words
fitful,1500 advanced words
flabbergasted,1500 advanced words
flail,1500 advanced words
flair,1500 advanced words
flay,1500 advanced words
fleeting,1500 advanced words
flippant,1500 advanced words
flotilla,1500 advanced words
foil,1500 advanced words
foist,1500 advanced words
foolhardy,1500 advanced words
ford,1500 advanced words
forebear,1500 advanced words
foreboding,1500 advanced words
forlorn,1500 advanced words
formal,1500 advanced words
formative,1500 advanced words
forsake,1500 advanced words
fortitude,1500 advanced words
foster,1500 advanced words
fracas,1500 advanced words
fractious,1500 advanced words
frank,1500 advanced words
fraught,1500 advanced words
fray,1500 advanced words
fructify,1500 advanced words
frustrate,1500 advanced words
fulminate,1500 advanced words
functionary,1500 advanced words
furnish,1500 advanced words
furtive,1500 advanced words
gadfly,1500 advanced words
gainsay,1500 advanced words
garble,1500 advanced words
garish,1500 advanced words
gaunt,1500 advanced words
gawk,1500 advanced words
generate,1500 advanced words
genesis,1500 advanced words
gentility,1500 advanced words
gentry,1500 advanced words
genuine,1500 advanced words
gestate,1500 advanced words
gibe,1500 advanced words
gird,1500 advanced words
gist,1500 advanced words
glib,1500 advanced words
glower,1500 advanced words
gluttony,1500 advanced words
gouge,1500 advanced words
granary,1500 advanced words
grandiloquent,1500 advanced words
grant,1500 advanced words
grapple,1500 advanced words
gratis,1500 advanced words
gratuitous,1500 advanced words
gregarious,1500 advanced words
gripe,1500 advanced words
grisly,1500 advanced words
grove,1500 advanced words
grovel,1500 advanced words
grudging,1500 advanced words
gruel,1500 advanced words
gusto,1500 advanced words
gusty,1500 advanced words
hackneyed,1500 advanced words
haggle,1500 advanced words
halcyon,1500 advanced words
hale,1500 advanced words
halting,1500 advanced words
harbinger,1500 advanced words
harrowing,1500 advanced words
harry,1500 advanced words
haughty,1500 advanced words
headlong,1500 advanced words
hedonist,1500 advanced words
heed,1500 advanced words
herculean,1500 advanced words
heresy,1500 advanced words
hermitage,1500 advanced words
heroic,1500 advanced words
hew,1500 advanced words
heyday,1500 advanced words
hireling,1500 advanced words
histrionic,1500 advanced words
hoary,1500 advanced words
holistic,1500 advanced words
hollow,1500 advanced words
homespun,1500 advanced words
homily,1500 advanced words
homonym,1500 advanced words
hoodwink,1500 advanced words
hopeful,1500 advanced words
horde,1500 advanced words
hostile,1500 advanced words
hubbub,1500 advanced words
hubris,1500 advanced words
humble,1500 advanced words
humiliate,1500 advanced words
hummock,1500 advanced words
hurtle,1500 advanced words
husbandry,1500 advanced words
hyperbole,1500 advanced words
hypocrisy,1500 advanced words
iconoclast,1500 advanced words
idealistic,1500 advanced words
ideology,1500 advanced words
idiosyncrasy,1500 advanced words
idiosyncratic,1500 advanced words
idyllic,1500 advanced words
ignominious,1500 advanced words
ignominy,1500 advanced words
illustrious,1500 advanced words
imbibe,1500 advanced words
immure,1500 advanced words
immutable,1500 advanced words
impart,1500 advanced words
impeccable,1500 advanced words
impel,1500 advanced words
impertinent,1500 advanced words
imperturbable,1500 advanced words
impetus,1500 advanced words
impiety,1500 advanced words
implacable,1500 advanced words
impolitic,1500 advanced words
importunate,1500 advanced words
imposed,1500 advanced words
imposing,1500 advanced words
imposition,1500 advanced words
imposture,1500 advanced words
improvident,1500 advanced words
imprudent,1500 advanced words
impudent,1500 advanced words
incandescent,1500 advanced words
incidental,1500 advanced words
incipient,1500 advanced words
incisive,1500 advanced words
inclement,1500 advanced words
inclined,1500 advanced words
inclusive,1500 advanced words
incongruity,1500 advanced words
incongruous,1500 advanced words
inconsequential,1500 advanced words
incorrigible,1500 advanced words
incredulous,1500 advanced words
inculcate,1500 advanced words
indelicate,1500 advanced words
indemnify,1500 advanced words
indication,1500 advanced words
indict,1500 advanced words
indignant,1500 advanced words
indolent,1500 advanced words
inept,1500 advanced words
infallible,1500 advanced words
infamy,1500 advanced words
infest,1500 advanced words
infinitesimal,1500 advanced words
inflammatory,1500 advanced words
ingrained,1500 advanced words
ingratiate,1500 advanced words
inhibit,1500 advanced words
inimical,1500 advanced words
inimitable,1500 advanced words
iniquitous,1500 advanced words
initiation,1500 advanced words
innate,1500 advanced words
inquisitiv,1500 advanced words
insatiable,1500 advanced words
inscrutable,1500 advanced words
insensate,1500 advanced words
insidious,1500 advanced words
insincere,1500 advanced words
insinuate,1500 advanced words
insist,1500 advanced words
insolent,1500 advanced words
inspire,1500 advanced words
inspiring,1500 advanced words
instance,1500 advanced words
institute,1500 advanced words
insular,1500 advanced words
insurgent,1500 advanced words
intellectual,1500 advanced words
intend,1500 advanced words
intense,1500 advanced words
intentional,1500 advanced words
interactive,1500 advanced words
interdict,1500 advanced words
interminable,1500 advanced words
interpolate,1500 advanced words
intimate,1500 advanced words
intrepid,1500 advanced words
intrigue,1500 advanced words
inured,1500 advanced words
invective,1500 advanced words
invidious,1500 advanced words
invocation,1500 advanced words
irate,1500 advanced words
irksome,1500 advanced words
irony,1500 advanced words
irresolute,1500 advanced words
irreverent,1500 advanced words
issue,1500 advanced words
jargon,1500 advanced words
jealous,1500 advanced words
jejune,1500 advanced words
jet,1500 advanced words
jibe,1500 advanced words
jocund,1500 advanced words
jovial,1500 advanced words
judgmental,1500 advanced words
junket,1500 advanced words
justify,1500 advanced words
juxtaposition,1500 advanced words
keen,1500 advanced words
kindle,1500 advanced words
knack,1500 advanced words
knight,1500 advanced words
knoll,1500 advanced words
labor,1500 advanced words
laggard,1500 advanced words
lancet,1500 advanced words
languid,1500 advanced words
larder,1500 advanced words
largesse,1500 advanced words
laudatory,1500 advanced words
league,1500 advanced words
level,1500 advanced words
levity,1500 advanced words
liberal,1500 advanced words
libertine,1500 advanced words
lineament,1500 advanced words
litany,1500 advanced words
livelihood,1500 advanced words
loath,1500 advanced words
lode,1500 advanced words
lofty,1500 advanced words
loquacious,1500 advanced words
lout,1500 advanced words
luminary,1500 advanced words
lurid,1500 advanced words
luxuriant,1500 advanced words
machiavellian,1500 advanced words
machination,1500 advanced words
magisterial,1500 advanced words
magnanimous,1500 advanced words
majority,1500 advanced words
makeshift,1500 advanced words
malaise,1500 advanced words
malapropism,1500 advanced words
malcontent,1500 advanced words
malevolent,1500 advanced words
malice,1500 advanced words
malicious,1500 advanced words
malinger,1500 advanced words
malleable,1500 advanced words
manifest,1500 advanced words
manifestation,1500 advanced words
mannered,1500 advanced words
mantra,1500 advanced words
manumit,1500 advanced words
maraud,1500 advanced words
masticate,1500 advanced words
maudlin,1500 advanced words
maul,1500 advanced words
maxim,1500 advanced words
meander,1500 advanced words
melancholic,1500 advanced words
mendicant,1500 advanced words
mentor,1500 advanced words
mercenary,1500 advanced words
mercurial,1500 advanced words
merit,1500 advanced words
metaphor,1500 advanced words
methodical,1500 advanced words
meticulous,1500 advanced words
mettle,1500 advanced words
microcosm,1500 advanced words
mien,1500 advanced words
mincing,1500 advanced words
minimalist,1500 advanced words
minute,1500 advanced words
misanthrope,1500 advanced words
miserly,1500 advanced words
misnomer,1500 advanced words
mite,1500 advanced words
mnemonic,1500 advanced words
mocking,1500 advanced words
modest,1500 advanced words
modicum,1500 advanced words
momentous,1500 advanced words
monetary,1500 advanced words
monologue,1500 advanced words
moot,1500 advanced words
morbid,1500 advanced words
mordant,1500 advanced words
moribund,1500 advanced words
morose,1500 advanced words
mortify,1500 advanced words
mote,1500 advanced words
motivated,1500 advanced words
mountebank,1500 advanced words
multitude,1500 advanced words
mundane,1500 advanced words
munificent,1500 advanced words
muster,1500 advanced words
myriad,1500 advanced words
narcissist,1500 advanced words
natty,1500 advanced words
negative,1500 advanced words
negligent,1500 advanced words
nemesis,1500 advanced words
nettle,1500 advanced words
neutral,1500 advanced words
nexus,1500 advanced words
nicety,1500 advanced words
nihilist,1500 advanced words
nirvana,1500 advanced words
nominal,1500 advanced words
nonentity,1500 advanced words
nonplus,1500 advanced words
norms,1500 advanced words
nostrum,1500 advanced words
notion,1500 advanced words
novel,1500 advanced words
nuance,1500 advanced words
obdurate,1500 advanced words
obfuscate,1500 advanced words
objective,1500 advanced words
oblivion,1500 advanced words
obloquy,1500 advanced words
obsequious,1500 advanced words
obstinate,1500 advanced words
obtain,1500 advanced words
obtrude,1500 advanced words
obtuse,1500 advanced words
obviate,1500 advanced words
odium,1500 advanced words
ogle,1500 advanced words
ominous,1500 advanced words
omniscient,1500 advanced words
onomatopoeia,1500 advanced words
onset,1500 advanced words
opposition,1500 advanced words
oppress,1500 advanced words
optimistic,1500 advanced words
ordain,1500 advanced words
ornate,1500 advanced words
ostensible,1500 advanced words
ostentatious,1500 advanced words
ostracize,1500 advanced words
outskirts,1500 advanced words
outspoken,1500 advanced words
overbearing,1500 advanced words
overweening,1500 advanced words
oxymoron,1500 advanced words
pacifist,1500 advanced words
pacify,1500 advanced words
palatable,1500 advanced words
palatial,1500 advanced words
pall,1500 advanced words
palliate,1500 advanced words
pallid,1500 advanced words
palpitate,1500 advanced words
panacea,1500 advanced words
parable,1500 advanced words
paradox,1500 advanced words
paraphernalia,1500 advanced words
paraphrase,1500 advanced words
parity,1500 advanced words
parochial,1500 advanced words
parry,1500 advanced words
parsimonious,1500 advanced words
partial,1500 advanced words
partiality,1500 advanced words
partisan,1500 advanced words
passage,1500 advanced words
passe,1500 advanced words
passive,1500 advanced words
pathological,1500 advanced words
patrician,1500 advanced words
patronize,1500 advanced words
patronizing,1500 advanced words
pedagogue,1500 advanced words
pedagogy,1500 advanced words
pedantic,1500 advanced words
peevish,1500 advanced words
pellucid,1500 advanced words
penchant,1500 advanced words
pendulous,1500 advanced words
peon,1500 advanced words
perceptive,1500 advanced words
peremptory,1500 advanced words
perfidious,1500 advanced words
perfunctory,1500 advanced words
perish,1500 advanced words
permeate,1500 advanced words
pernicious,1500 advanced words
peroration,1500 advanced words
perpetrate,1500 advanced words
perpetual,1500 advanced words
persist,1500 advanced words
perspicuous,1500 advanced words
persuasive,1500 advanced words
pert,1500 advanced words
pertinacious,1500 advanced words
perusal,1500 advanced words
pervade,1500 advanced words
pervasive,1500 advanced words
pessimistic,1500 advanced words
petulant,1500 advanced words
philistine,1500 advanced words
philology,1500 advanced words
philosophical,1500 advanced words
phlegmatic,1500 advanced words
phonemes,1500 advanced words
phonological,1500 advanced words
picayune,1500 advanced words
pilfer,1500 advanced words
pillage,1500 advanced words
pinion,1500 advanced words
pique,1500 advanced words
pithy,1500 advanced words
placate,1500 advanced words
placid,1500 advanced words
plagiarism,1500 advanced words
platitude,1500 advanced words
plead,1500 advanced words
plenitude,1500 advanced words
plethora,1500 advanced words
plumb,1500 advanced words
plus,1500 advanced words
podium,1500 advanced words
poignancy,1500 advanced words
poignant,1500 advanced words
polemic,1500 advanced words
polemical,1500 advanced words
policy,1500 advanced words
polity,1500 advanced words
pomp,1500 advanced words
pontifical,1500 advanced words
positive,1500 advanced words
posthumously,1500 advanced words
postulate,1500 advanced words
practitioner,1500 advanced words
prattle,1500 advanced words
precept,1500 advanced words
precision,1500 advanced words
precocious,1500 advanced words
predecessor,1500 advanced words
preen,1500 advanced words
premise,1500 advanced words
preposition,1500 advanced words
pretentious,1500 advanced words
preternatural,1500 advanced words
procedural,1500 advanced words
proceeding,1500 advanced words
proceeds,1500 advanced words
proclivity,1500 advanced words
profound,1500 advanced words
prognosticate,1500 advanced words
project,1500 advanced words
proletarian,1500 advanced words
promiscuous,1500 advanced words
propensity,1500 advanced words
property,1500 advanced words
propitiate,1500 advanced words
propitious,1500 advanced words
propriety,1500 advanced words
prospective,1500 advanced words
provender,1500 advanced words
provocative,1500 advanced words
provoke,1500 advanced words
prowess,1500 advanced words
proxy,1500 advanced words
prude,1500 advanced words
pseudonym,1500 advanced words
pucker,1500 advanced words
puerile,1500 advanced words
puissant,1500 advanced words
pummel,1500 advanced words
pundit,1500 advanced words
purport,1500 advanced words
purse,1500 advanced words
purvey,1500 advanced words
pusillanimous,1500 advanced words
quaff,1500 advanced words
quagmire,1500 advanced words
quail,1500 advanced words
quarrelsome,1500 advanced words
querulous,1500 advanced words
quintessential,1500 advanced words
quip,1500 advanced words
quizzical,1500 advanced words
rail,1500 advanced words
raiment,1500 advanced words
rakish,1500 advanced words
ramify,1500 advanced words
rampart,1500 advanced words
rancor,1500 advanced words
rancorous,1500 advanced words
ranging,1500 advanced words
rankle,1500 advanced words
rapt,1500 advanced words
rarefied,1500 advanced words
rationalism,1500 advanced words
ravel,1500 advanced words
reactionary,1500 advanced words
readjustment,1500 advanced words
rebuke,1500 advanced words
rebus,1500 advanced words
receptive,1500 advanced words
reckless,1500 advanced words
recondite,1500 advanced words
recourse,1500 advanced words
recovering,1500 advanced words
redolent,1500 advanced words
redoubtable,1500 advanced words
refectory,1500 advanced words
references,1500 advanced words
reflect,1500 advanced words
reflection,1500 advanced words
refractory,1500 advanced words
rejection,1500 advanced words
rejoinder,1500 advanced words
reluctant,1500 advanced words
remission,1500 advanced words
rend,1500 advanced words
render,1500 advanced words
renegade,1500 advanced words
repast,1500 advanced words
repeal,1500 advanced words
repine,1500 advanced words
reprobation,1500 advanced words
reservation,1500 advanced words
resignation,1500 advanced words
resonant,1500 advanced words
restrained,1500 advanced words
retainer,1500 advanced words
retentive,1500 advanced words
reticent,1500 advanced words
retinue,1500 advanced words
retiring,1500 advanced words
retort,1500 advanced words
retrench,1500 advanced words
revel,1500 advanced words
revelry,1500 advanced words
reverent,1500 advanced words
reverie,1500 advanced words
revulsion,1500 advanced words
rhetoric,1500 advanced words
rider,1500 advanced words
rigid,1500 advanced words
rile,1500 advanced words
ripple,1500 advanced words
roil,1500 advanced words
roseate,1500 advanced words
rout,1500 advanced words
rubric,1500 advanced words
rudiment,1500 advanced words
ruse,1500 advanced words
salient,1500 advanced words
sanction,1500 advanced words
sardonic,1500 advanced words
sate,1500 advanced words
saturnine,1500 advanced words
savant,1500 advanced words
scabbard,1500 advanced words
scandalous,1500 advanced words
scarce,1500 advanced words
scheme,1500 advanced words
scintilla,1500 advanced words
scintillating,1500 advanced words
scornful,1500 advanced words
scrupulous,1500 advanced words
scrutinize,1500 advanced words
seductive,1500 advanced words
sedulous,1500 advanced words
seemingly,1500 advanced words
seemly,1500 advanced words
seethe,1500 advanced words
semblance,1500 advanced words
sententious,1500 advanced words
sentient,1500 advanced words
sentinel,1500 advanced words
serious,1500 advanced words
severe,1500 advanced words
sextant,1500 advanced words
sherbet,1500 advanced words
siege,1500 advanced words
simile,1500 advanced words
simper,1500 advanced words
sincere,1500 advanced words
sinecure,1500 advanced words
sinister,1500 advanced words
sinuous,1500 advanced words
skeptical,1500 advanced words
skill,1500 advanced words
skittish,1500 advanced words
slay,1500 advanced words
sleight,1500 advanced words
slew,1500 advanced words
sluice,1500 advanced words
smattering,1500 advanced words
smug,1500 advanced words
sob,1500 advanced words
solemn,1500 advanced words
solidarity,1500 advanced words
soliloquy,1500 advanced words
somber,1500 advanced words
sonorous,1500 advanced words
spangle,1500 advanced words
spartan,1500 advanced words
spat,1500 advanced words
spate,1500 advanced words
specious,1500 advanced words
spectral,1500 advanced words
squalor,1500 advanced words
squeamish,1500 advanced words
stability,1500 advanced words
staid,1500 advanced words
stake,1500 advanced words
stanch,1500 advanced words
steep,1500 advanced words
stentorian,1500 advanced words
stigma,1500 advanced words
stilted,1500 advanced words
stint,1500 advanced words
stipulate,1500 advanced words
stock,1500 advanced words
stoic,1500 advanced words
straight,1500 advanced words
striate,1500 advanced words
stricture,1500 advanced words
stultify,1500 advanced words
stump,1500 advanced words
stupendous,1500 advanced words
suave,1500 advanced words
suavity,1500 advanced words
subaltern,1500 advanced words
subjugate,1500 advanced words
sublimate,1500 advanced words
sublime,1500 advanced words
subside,1500 advanced words
substantial,1500 advanced words
substantiate,1500 advanced words
succor,1500 advanced words
sully,1500 advanced words
sultry,1500 advanced words
superannuated,1500 advanced words
supercilious,1500 advanced words
superficial,1500 advanced words
superfluous,1500 advanced words
superior,1500 advanced words
suppliant,1500 advanced words
surly,1500 advanced words
surreptitious,1500 advanced words
swerve,1500 advanced words
sybarite,1500 advanced words
sycophant,1500 advanced words
syllogism,1500 advanced words
sympathetic,1500 advanced words
syntax,1500 advanced words
tactful,1500 advanced words
tarry,1500 advanced words
tawdry,1500 advanced words
teem,1500 advanced words
teetotaler,1500 advanced words
temper,1500 advanced words
temporize,1500 advanced words
tenable,1500 advanced words
tenacious,1500 advanced words
tentative,1500 advanced words
testator,1500 advanced words
theory,1500 advanced words
thesis,1500 advanced words
thrall,1500 advanced words
threadbare,1500 advanced words
throng,1500 advanced words
timid,1500 advanced words
tirade,1500 advanced words
toil,1500 advanced words
tour,1500 advanced words
tout,1500 advanced words
tract,1500 advanced words
traditional,1500 advanced words
traduce,1500 advanced words
trappings,1500 advanced words
tread,1500 advanced words
trenchant,1500 advanced words
trite,1500 advanced words
triumvirate,1500 advanced words
troth,1500 advanced words
tryst,1500 advanced words
turbid,1500 advanced words
tureen,1500 advanced words
turgid,1500 advanced words
tutelage,1500 advanced words
tyro,1500 advanced words
ubiquitous,1500 advanced words
ulterior,1500 advanced words
unaffected,1500 advanced words
unanimity,1500 advanced words
unanticipated,1500 advanced words
unassuming,1500 advanced words
unconscionable,1500 advanced words
uncouth,1500 advanced words
unction,1500 advanced words
unctuous,1500 advanced words
undermine,1500 advanced words
undertake,1500 advanced words
undertaking,1500 advanced words
unexceptionable,1500 advanced words
unfaltering,1500 advanced words
ungainly,1500 advanced words
unimpeachable,1500 advanced words
unmitigated,1500 advanced words
unprecedented,1500 advanced words
unrequited,1500 advanced words
unseemly,1500 advanced words
untenable,1500 advanced words
untoward,1500 advanced words
unwonted,1500 advanced words
upbraid,1500 advanced words
upshot,1500 advanced words
urbane,1500 advanced words
urgency,1500 advanced words
usurp,1500 advanced words
vacate,1500 advanced words
vagary,1500 advanced words
vain,1500 advanced words
validity,1500 advanced words
vapid,1500 advanced words
vassal,1500 advanced words
vat,1500 advanced words
vehement,1500 advanced words
venerable,1500 advanced words
venerate,1500 advanced words
venial,1500 advanced words
venture,1500 advanced words
veracious,1500 advanced words
verbose,1500 advanced words
veritable,1500 advanced words
vernacular,1500 advanced words
vestige,1500 advanced words
vestment,1500 advanced words
vex,1500 advanced words
vexed,1500 advanced words
vibrant,1500 advanced words
vicarious,1500 advanced words
vile,1500 advanced words
vilify,1500 advanced words
vintner,1500 advanced words
virtual,1500 advanced words
visage,1500 advanced words
viscid,1500 advanced words
viscous,1500 advanced words
vitiate,1500 advanced words
vituperative,1500 advanced words
vivacious,1500 advanced words
vocational,1500 advanced words
vociferous,1500 advanced words
voluble,1500 advanced words
waffle,1500 advanced words
waft,1500 advanced words
waive,1500 advanced words
wander,1500 advanced words
wanton,1500 advanced words
warble,1500 advanced words
warrant,1500 advanced words
wax,1500 advanced words
waylay,1500 advanced words
weigh,1500 advanced words
welt,1500 advanced words
wheedle,1500 advanced words
whet,1500 advanced words
whittle,1500 advanced words
whorl,1500 advanced words
willful,1500 advanced words
wistful,1500 advanced words
witty,1500 advanced words
wizened,1500 advanced words
wraith,1500 advanced words
wrangle,1500 advanced words
wreak,1500 advanced words
wry,1500 advanced words
yeoman,1500 advanced words
yield,1500 advanced words
zealot,1500 advanced words
zealous,1500 advanced words
zeitgeist,1500 advanced words
zenith,1500 advanced words
abattoir,500 SAT words
abhorrent,500 SAT words
abject,500 SAT words
abnegate,500 SAT words
abnegation,500 SAT words
abrogate,500 SAT words
abscond,500 SAT words
absquatulate,500 SAT words
abstruse,500 SAT words
accost,500 SAT words
accretion,500 SAT words
acerbity,500 SAT words
acidulous,500 SAT words
actuarial,500 SAT words
acuity,500 SAT words
acumen,500 SAT words
adamant,500 SAT words
adroit,500 SAT words
adumbrate,500 SAT words
aegis,500 SAT words
affliction,500 SAT words
affluent,500 SAT words
aficionado,500 SAT words
agape,500 SAT words
aggrandize,500 SAT words
agog,500 SAT words
alias,500 SAT words
alliteration,500 SAT words
ambivalent,500 SAT words
amorphous,500 SAT words
anachronistic,500 SAT words
anarchist,500 SAT words
anathema,500 SAT words
aneurysm,500 SAT words
annex,500 SAT words
antebellum,500 SAT words
antecedent,500 SAT words
antediluvian,500 SAT words
anterior,500 SAT words
antipathy,500 SAT words
antiquated,500 SAT words
antiseptic,500 SAT words
aperture,500 SAT words
aphasia,500 SAT words
approbation,500 SAT words
arboreal,500 SAT words
archetypal,500 SAT words
ascetic,500 SAT words
assemblage,500 SAT words
assuage,500 SAT words
atavistic,500 SAT words
atrophy,500 SAT words
attrition,500 SAT words
aural,500 SAT words
autochthonous,500 SAT words
aver,500 SAT words
avuncular,500 SAT words
awl,500 SAT words
bacchanalian,500 SAT words
bashful,500 SAT words
beacon,500 SAT words
bedizen,500 SAT words
bedlam,500 SAT words
belligerent,500 SAT words
bemoan,500 SAT words
benevolent,500 SAT words
benign,500 SAT words
bereft,500 SAT words
bilk,500 SAT words
billowing,500 SAT words
blandishment,500 SAT words
brace,500 SAT words
brocade,500 SAT words
buccaneer,500 SAT words
cachet,500 SAT words
calumny,500 SAT words
camouflage,500 SAT words
caper,500 SAT words
caravan,500 SAT words
carcass,500 SAT words
carouse,500 SAT words
carp,500 SAT words
cask,500 SAT words
cathartic,500 SAT words
cavort,500 SAT words
cenotaph,500 SAT words
censorious,500 SAT words
certitude,500 SAT words
chaperone,500 SAT words
ciliated,500 SAT words
circumlocution,500 SAT words
circumscribe,500 SAT words
clamor,500 SAT words
clique,500 SAT words
cloister,500 SAT words
cobbler,500 SAT words
coeval,500 SAT words
cognizant,500 SAT words
comity,500 SAT words
commensurate,500 SAT words
complement,500 SAT words
compunction,500 SAT words
concatenation,500 SAT words
concierge,500 SAT words
condone,500 SAT words
conduit,500 SAT words
conflagration,500 SAT words
conformist,500 SAT words
confrere,500 SAT words
congruity,500 SAT words
consign,500 SAT words
constituent,500 SAT words
consul,500 SAT words
contemporaneous,500 SAT words
contravene,500 SAT words
contrite,500 SAT words
convivial,500 SAT words
cornucopia,500 SAT words
corpulence,500 SAT words
covet,500 SAT words
credit,500 SAT words
culpa,500 SAT words
dainty,500 SAT words
debauch,500 SAT words
debunk,500 SAT words
declaim,500 SAT words
decrepitude,500 SAT words
defunct,500 SAT words
deify,500 SAT words
delineate,500 SAT words
demagogue,500 SAT words
denigrate,500 SAT words
derivative,500 SAT words
desuetude,500 SAT words
detonation,500 SAT words
diagnostic,500 SAT words
diaphanous,500 SAT words
dirge,500 SAT words
discombobulated,500 SAT words
discomfit,500 SAT words
disingenuous,500 SAT words
disparate,500 SAT words
disparity,500 SAT words
dispel,500 SAT words
disrepute,500 SAT words
dissemination,500 SAT words
dissident,500 SAT words
distrait,500 SAT words
distraught,500 SAT words
diurnal,500 SAT words
divisive,500 SAT words
dogma,500 SAT words
dogmatic,500 SAT words
dolorous,500 SAT words
doppelganger,500 SAT words
dour,500 SAT words
dreary,500 SAT words
droll,500 SAT words
duplicity,500 SAT words
duress,500 SAT words
ebullient,500 SAT words
eclectic,500 SAT words
eddy,500 SAT words
effeminate,500 SAT words
effrontery,500 SAT words
egoism,500 SAT words
eleemosynary,500 SAT words
elegy,500 SAT words
elicit,500 SAT words
elixir,500 SAT words
ember,500 SAT words
embryonic,500 SAT words
emeritus,500 SAT words
emollient,500 SAT words
empirical,500 SAT words
emulate,500 SAT words
enfranchise,500 SAT words
engender,500 SAT words
epistolary,500 SAT words
equivalence,500 SAT words
equivocal,500 SAT words
essay,500 SAT words
euphoria,500 SAT words
euthanasia,500 SAT words
evince,500 SAT words
evolutionist,500 SAT words
exacerbate,500 SAT words
exhort,500 SAT words
exhume,500 SAT words
exigent,500 SAT words
expatriate,500 SAT words
expedient,500 SAT words
experiential,500 SAT words
expunge,500 SAT words
expurgate,500 SAT words
extant,500 SAT words
extemporaneous,500 SAT words
extraneous,500 SAT words
fallacious,500 SAT words
febrile,500 SAT words
feckless,500 SAT words
felicity,500 SAT words
fete,500 SAT words
fetid,500 SAT words
fetter,500 SAT words
filigree,500 SAT words
finicky,500 SAT words
flagrant,500 SAT words
fleece,500 SAT words
forbearance,500 SAT words
fortuitous,500 SAT words
frenetic,500 SAT words
frisson,500 SAT words
fulcrum,500 SAT words
fulsome,500 SAT words
furor,500 SAT words
garrulous,500 SAT words
gaudy,500 SAT words
gnaw,500 SAT words
goad,500 SAT words
gourmand,500 SAT words
gruff,500 SAT words
guileless,500 SAT words
guru,500 SAT words
hapless,500 SAT words
harangue,500 SAT words
hauteur,500 SAT words
hearsay,500 SAT words
hegemony,500 SAT words
heterogeneous,500 SAT words
hiatus,500 SAT words
hypochondriac,500 SAT words
hypocrite,500 SAT words
hypodermic,500 SAT words
hypothesis,500 SAT words
ichthyology,500 SAT words
imbroglio,500 SAT words
imp,500 SAT words
impasse,500 SAT words
impecunious,500 SAT words
impetuous,500 SAT words
impinge,500 SAT words
importune,500 SAT words
impute,500 SAT words
inane,500 SAT words
inchoate,500 SAT words
incinerate,500 SAT words
incontrovertible,500 SAT words
incumbent,500 SAT words
indemnification,500 SAT words
indiscrete,500 SAT words
indubitable,500 SAT words
ineluctable,500 SAT words
inexorable,500 SAT words
inoculate,500 SAT words
instigate,500 SAT words
insularity,500 SAT words
insurrection,500 SAT words
intemperance,500 SAT words
interlocutor,500 SAT words
interloper,500 SAT words
intimation,500 SAT words
intransigence,500 SAT words
intransigent,500 SAT words
inure,500 SAT words
inveterate,500 SAT words
irascible,500 SAT words
irreverence,500 SAT words
jingoism,500 SAT words
jostle,500 SAT words
knell,500 SAT words
kosher,500 SAT words
laconic,500 SAT words
languor,500 SAT words
leeway,500 SAT words
legerdemain,500 SAT words
lexicon,500 SAT words
libertarian,500 SAT words
licentious,500 SAT words
ligament,500 SAT words
limn,500 SAT words
linchpin,500 SAT words
litigant,500 SAT words
litotes,500 SAT words
liturgy,500 SAT words
macabre,500 SAT words
machete,500 SAT words
maelstrom,500 SAT words
malevolence,500 SAT words
masochist,500 SAT words
matrix,500 SAT words
mausoleum,500 SAT words
maverick,500 SAT words
mawkish,500 SAT words
mea,500 SAT words
megalomania,500 SAT words
melee,500 SAT words
menagerie,500 SAT words
mendacious,500 SAT words
mezzanine,500 SAT words
milieu,500 SAT words
miscellaneous,500 SAT words
modality,500 SAT words
moiety,500 SAT words
montage,500 SAT words
morass,500 SAT words
mores,500 SAT words
mortician,500 SAT words
motley,500 SAT words
multifarious,500 SAT words
nadir,500 SAT words
naive,500 SAT words
naivete,500 SAT words
neophyte,500 SAT words
nepotism,500 SAT words
noisome,500 SAT words
nonpareil,500 SAT words
nostalgia,500 SAT words
noxious,500 SAT words
obsolescent,500 SAT words
obstreperous,500 SAT words
odoriferous,500 SAT words
officious,500 SAT words
onerous,500 SAT words
ornery,500 SAT words
ostracism,500 SAT words
oversight,500 SAT words
pablum,500 SAT words
palaver,500 SAT words
palimpsest,500 SAT words
palliative,500 SAT words
pantomime,500 SAT words
paradigm,500 SAT words
pariah,500 SAT words
parley,500 SAT words
paucity,500 SAT words
pecuniary,500 SAT words
pejorative,500 SAT words
penurious,500 SAT words
peruse,500 SAT words
pestilence,500 SAT words
phalanx,500 SAT words
philanthropic,500 SAT words
plaudit,500 SAT words
plausible,500 SAT words
pleonasm,500 SAT words
pliant,500 SAT words
pogrom,500 SAT words
polarize,500 SAT words
polyglot,500 SAT words
portent,500 SAT words
potentate,500 SAT words
potpourri,500 SAT words
preamble,500 SAT words
precarious,500 SAT words
precinct,500 SAT words
preclude,500 SAT words
precocity,500 SAT words
predilection,500 SAT words
premiere,500 SAT words
preponderance,500 SAT words
presage,500 SAT words
prestidigitation,500 SAT words
prevaricate,500 SAT words
priori,500 SAT words
privation,500 SAT words
probity,500 SAT words
prodigal,500 SAT words
prodigy,500 SAT words
profligate,500 SAT words
profundity,500 SAT words
promulgate,500 SAT words
promulgation,500 SAT words
prophylactic,500 SAT words
prosaic,500 SAT words
proscribe,500 SAT words
protean,500 SAT words
protuberance,500 SAT words
prurient,500 SAT words
psychosis,500 SAT words
pugnacious,500 SAT words
pulchritude,500 SAT words
punctilious,500 SAT words
punitive,500 SAT words
purgatory,500 SAT words
quaint,500 SAT words
quandary,500 SAT words
quatrain,500 SAT words
quixotic,500 SAT words
ramshackle,500 SAT words
rancid,500 SAT words
rapine,500 SAT words
raspy,500 SAT words
recalcitrant,500 SAT words
recant,500 SAT words
recrimination,500 SAT words
recumbent,500 SAT words
regalia,500 SAT words
regatta,500 SAT words
rejuvenate,500 SAT words
relegate,500 SAT words
remiss,500 SAT words
renege,500 SAT words
repercussion,500 SAT words
reprieve,500 SAT words
reprobate,500 SAT words
requisition,500 SAT words
rescind,500 SAT words
resplendent,500 SAT words
restitution,500 SAT words
rife,500 SAT words
rotundity,500 SAT words
salubrious,500 SAT words
sanctimonious,500 SAT words
sashay,500 SAT words
scourge,500 SAT words
scurrilous,500 SAT words
semaphore,500 SAT words
sere,500 SAT words
serendipity,500 SAT words
sesquipedalian,500 SAT words
sidereal,500 SAT words
skein,500 SAT words
slack,500 SAT words
slake,500 SAT words
slick,500 SAT words
sobriety,500 SAT words
solicitous,500 SAT words
solipsism,500 SAT words
sophist,500 SAT words
sordid,500 SAT words
spurious,500 SAT words
squalid,500 SAT words
squall,500 SAT words
stalemate,500 SAT words
stodgy,500 SAT words
stolid,500 SAT words
stratify,500 SAT words
sundry,500 SAT words
surfeit,500 SAT words
swarthy,500 SAT words
sybaritic,500 SAT words
sycophantic,500 SAT words
syndrome,500 SAT words
tangential,500 SAT words
tantamount,500 SAT words
tardy,500 SAT words
tautology,500 SAT words
temerity,500 SAT words
tempestuous,500 SAT words
tenet,500 SAT words
tergiversate,500 SAT words
testy,500 SAT words
theocracy,500 SAT words
theology,500 SAT words
timorous,500 SAT words
tintinnabulation,500 SAT words
tithe,500 SAT words
toady,500 SAT words
tome,500 SAT words
torpid,500 SAT words
torpor,500 SAT words
tourniquet,500 SAT words
travesty,500 SAT words
trepidation,500 SAT words
truculent,500 SAT words
tumid,500 SAT words
turpitude,500 SAT words
umbrage,500 SAT words
unabashed,500 SAT words
unfettered,500 SAT words
utilitarian,500 SAT words
uxorious,500 SAT words
vanity,500 SAT words
veracity,500 SAT words
verdant,500 SAT words
verdure,500 SAT words
verisimilitude,500 SAT words
verve,500 SAT words
vexation,500 SAT words
viand,500 SAT words
vicissitude,500 SAT words
vignette,500 SAT words
vindicate,500 SAT words
vindictive,500 SAT words
virulent,500 SAT words
vitriolic,500 SAT words
vituperate,500 SAT words
waif,500 SAT words
wangle,500 SAT words
wiggle,500 SAT words
wilderness,500 SAT words
wily,500 SAT words
winsome,500 SAT words
xenophobia,500 SAT words
yoke,500 SAT words
zany,500 SAT words
zero,500 SAT words
zeugma,500 SAT words
zilch,500 SAT words
abstract,art
abstraction,art
acrylic,art
alabaster,art
allegory,art
altarpiece,art
amphora,art
apricot,art
apse,art
aqua,art
aquamarine,art
arabesque,art
arcade,art
arch,art
architrave,art
atelier,art
azure,art
background,art
balance,art
balustrade,art
basilica,art
bauhaus,art
beige,art
black,art
blond,art
blue,art
blush,art
bone,art
bronze,art
brown,art
buff,art
burgundy,art
buttress,art
canary,art
capital,art
caramel,art
cardinal,art
caricature,art
carmine,art
carnation,art
caryatid,art
cast,art
cerise,art
cerulean,art
chalk,art
charcoal,art
cherry,art
chestnut,art
chiaroscuro,art
chocolate,art
claret,art
clerestory,art
cloisonne,art
coffee,art
collage,art
colonnade,art
column,art
constructivism,art
convention,art
copper,art
coral,art
corbel,art
cornice,art
crenellation,art
crimson,art
cromlech,art
crosshatch,art
cruciform,art
cubism,art
cuneiform,art
dadaism,art
daguerreotype,art
diptych,art
dolmen,art
dome,art
drab,art
dun,art
ebony,art
echinus,art
ecru,art
effigy,art
emerald,art
enamel,art
encaustic,art
engrave,art
engraving,art
entablature,art
entasis,art
etch,art
etching,art
expressionism,art
facade,art
fauvism,art
fawn,art
figure,art
fluting,art
folio,art
foreground,art
foreshorten,art
formalism,art
freestanding,art
fresco,art
frieze,art
frostiness,art
fuchsia,art
futurism,art
gamboge,art
geometric,art
gesso,art
gold,art
gray,art
green,art
grisaille,art
ground,art
guild,art
hazel,art
heather,art
hellenistic,art
henna,art
hoariness,art
icon,art
iconoclasm,art
iconography,art
idealized,art
illumination,art
impasto,art
impressionism,art
indigo,art
intaglio,art
ivory,art
jade,art
kylix,art
lake,art
landscape,art
lascaux,art
lavender,art
lazuline,art
lemon,art
linear,art
lithograph,art
loggia,art
luminism,art
magenta,art
mahogany,art
maize,art
manuscript,art
marble,art
maroon,art
mastaba,art
mauve,art
megalith,art
mimesis,art
miniature,art
minimalism,art
mocha,art
modeling,art
modernism,art
molding,art
monolith,art
mosaic,art
mottle,art
movement,art
mural,art
naturalism,art
nave,art
navy,art
neoclassicism,art
neoexpressionism,art
neoromanticism,art
obelisk,art
ocher,art
oeuvre,art
olive,art
orange,art
orchil,art
order,art
palette,art
palladian,art
papyrus,art
parchment,art
pastel,art
patron,art
patronage,art
peach,art
pearl,art
pediment,art
peristyle,art
peroxide,art
perspective,art
pier,art
pieta,art
pilaster,art
pink,art
plinth,art
pointillism,art
portrait,art
postmodernism,art
potsherd,art
prehistoric,art
printmaking,art
proportion,art
prostyle,art
provenance,art
puce,art
purple,art
quattrocento,art
realism,art
red,art
relief,art
representational,art
romanesque,art
romanticism,art
rosiness,art
ruddiness,art
rustication,art
sable,art
saffron,art
salmon,art
sanguine,art
sapphire,art
sarcophagus,art
scarlet,art
sculpture,art
sepia,art
shade,art
shading,art
shaft,art
sienna,art
silver,art
spandrel,art
stele,art
straw,art
style,art
stylized,art
stylus,art
surrealism,art
symbolism,art
symmetry,art
tan,art
tangerine,art
tapestry,art
taupe,art
tawniness,art
teal,art
technique,art
tempera,art
tessera,art
topaz,art
totem,art
tracery,art
transept,art
triptych,art
tudor,art
turquoise,art
ultramarine,art
umber,art
unity,art
value,art
vault,art
vellum,art
verdigris,art
vermilion,art
violet,art
viridity,art
volute,art
votive,art
watercolor,art
wheat,art
white,art
wine,art
woodcut,art
yellow,art
acclimatise,astronomy
andromeda,astronomy
apollo,astronomy
asteroid,astronomy
astral,astronomy
astro,astronomy
astronaut,astronomy
astronauts,astronomy
astronomer,astronomy
atom,astronomy
callisto,astronomy
colonise,astronomy
comet,astronomy
commercial,astronomy
constellation,astronomy
cosmic,astronomy
cosmonaut,astronomy
cosmos,astronomy
day,astronomy
debris,astronomy
deimos,astronomy
dust,astronomy
earth,astronomy
eclipse,astronomy
ecliptic,astronomy
equinox,astronomy
explore,astronomy
extraterrestrial,astronomy
extreme,astronomy
float,astronomy
fractal,astronomy
galactic,astronomy
galaxies,astronomy
galaxy,astronomy
gas,astronomy
gravitation,astronomy
gravitational,astronomy
gravity,astronomy
halo,astronomy
heliosphere,astronomy
horizon,astronomy
horizontal,astronomy
hydrogen,astronomy
inertia,astronomy
inevitable,astronomy
infinite,astronomy
interstellar,astronomy
jovian,astronomy
jupiter,astronomy
landing,astronomy
launch,astronomy
lens,astronomy
lunar,astronomy
mars,astronomy
mass,astronomy
mercury,astronomy
meteor,astronomy
meteoric,astronomy
meteorite,astronomy
meteoroid,astronomy
momentum,astronomy
moon,astronomy
moons,astronomy
multiverse,astronomy
nasa,astronomy
nebula,astronomy
nebulae,astronomy
neptune,astronomy
neutron,astronomy
nibiru,astronomy
nova,astronomy
nucleosynthesis,astronomy
observatory,astronomy
orbit,astronomy
orbital,astronomy
orbiter,astronomy
orbits,astronomy
outer,astronomy
parsec,astronomy
penumbra,astronomy
phase,astronomy
planet,astronomy
planets,astronomy
plasma,astronomy
pluto,astronomy
propel,astronomy
quasar,astronomy
quasars,astronomy
radiation,astronomy
redshift,astronomy
rings,astronomy
rocket,astronomy
rotate,astronomy
satellite,astronomy
satellites,astronomy
saturn,astronomy
shuttle,astronomy
simulate,astronomy
simulator,astronomy
sky,astronomy
solar,astronomy
solstice,astronomy
spacecraft,astronomy
spaceship,astronomy
spacesuit,astronomy
spacewalking,astronomy
star,astronomy
starcraft,astronomy
stardust,astronomy
starlight,astronomy
starship,astronomy
sublunar,astronomy
sun,astronomy
supernova,astronomy
superstar,astronomy
surface,astronomy
sustain,astronomy
telescope,astronomy
terrestrial,astronomy
toxic,astronomy
transportation,astronomy
trillion,astronomy
umbra,astronomy
undergo,astronomy
uninhabitable,astronomy
universal,astronomy
universe,astronomy
unmanned,astronomy
uranus,astronomy
venus,astronomy
waning,astronomy
waxing,astronomy
weightlessness,astronomy
world,astronomy
zodiac,astronomy
amphitheater,entertainment
amusement,entertainment
animation,entertainment
arts,entertainment
auditorium,entertainment
bamboo,entertainment
banquet,entertainment
beverage,entertainment
caption,entertainment
carnival,entertainment
chef,entertainment
cinema,entertainment
circus,entertainment
content,entertainment
credits,entertainment
cultural,entertainment
dining,entertainment
docudrama,entertainment
drama,entertainment
edutainment,entertainment
engagement,entertainment
enjoyment,entertainment
enrichment,entertainment
entertainments,entertainment
escapist,entertainment
exhibit,entertainment
extravaganza,entertainment
fair,entertainment
fashion,entertainment
feature,entertainment
film,entertainment
films,entertainment
flick,entertainment
food,entertainment
fun,entertainment
games,entertainment
gaming,entertainment
goryeo,entertainment
hollywood,entertainment
hospitality,entertainment
immersive,entertainment
info,entertainment
infotainment,entertainment
insight,entertainment
leisure,entertainment
marketing,entertainment
media,entertainment
merchandising,entertainment
movie,entertainment
movies,entertainment
multimedia,entertainment
multiplatform,entertainment
music,entertainment
nawab,entertainment
news,entertainment
nightlife,entertainment
odyssey,entertainment
pic,entertainment
picture,entertainment
programming,entertainment
recreation,entertainment
running,entertainment
scene,entertainment
scheherazade,entertainment
shopping,entertainment
shot,entertainment
show,entertainment
social,entertainment
spectacle,entertainment
sport,entertainment
sports,entertainment
storytelling,entertainment
teasing,entertainment
tech,entertainment
telefilm,entertainment
television,entertainment
theater,entertainment
theatre,entertainment
troupe,entertainment
videogames,entertainment
wholesome,entertainment
acculturation,geography
agribusiness,geography
animism,geography
annexation,geography
apartheid,geography
aquifer,geography
archipelago,geography
arid,geography
assimilation,geography
asylum,geography
atmosphere,geography
aurora,geography
autonomy,geography
balkanize,geography
barometer,geography
basin,geography
bay,geography
bedrock,geography
biodiversity,geography
biomass,geography
biome,geography
biosphere,geography
bloc,geography
boundary,geography
canyon,geography
cartography,geography
caste,geography
cavern,geography
census,geography
cereal,geography
channel,geography
chlorofluorocarbon,geography
clay,geography
cliff,geography
climate,geography
coast,geography
cohort,geography
colonialism,geography
colonization,geography
colony,geography
combine,geography
concentration,geography
condensation,geography
confederation,geography
connectivity,geography
conservation,geography
continent,geography
core,geography
cosmogony,geography
cosmography,geography
crater,geography
creole,geography
crop,geography
crust,geography
cultivation,geography
current,geography
custom,geography
cyclone,geography
dale,geography
decolonization,geography
delimitation,geography
delta,geography
demarcation,geography
demographic,geography
demography,geography
denomination,geography
density,geography
deportation,geography
desert,geography
desertification,geography
devolution,geography
dew,geography
dialect,geography
diaspora,geography
diffusion,geography
diocese,geography
distributary,geography
distribution,geography
domain,geography
dune,geography
earthquake,geography
east,geography
ecology,geography
ecosystem,geography
emigration,geography
enclave,geography
endemic,geography
epidemic,geography
epidemiology,geography
equator,geography
erosion,geography
estuary,geography
ethnicity,geography
ethnocentrism,geography
eugenics,geography
evaporation,geography
explorer,geography
eye,geography
fauna,geography
fjord,geography
floodplain,geography
flora,geography
fluvial,geography
fog,geography
forecast,geography
front,geography
frontier,geography
frost,geography
fundamentalism,geography
gale,geography
genocide,geography
gentrification,geography
geographer,geography
geographical,geography
geopolitics,geography
geyser,geography
ghetto,geography
glacier,geography
globalization,geography
gorge,geography
greenbelt,geography
gulf,geography
hail,geography
homeland,geography
horticulture,geography
humidity,geography
hurricane,geography
hydroelectric,geography
hydrosphere,geography
iceberg,geography
ideogram,geography
immigration,geography
imperialism,geography
inflation,geography
infrastructure,geography
irredenta,geography
irredentism,geography
island,geography
isthmus,geography
kinship,geography
lagoon,geography
landlocked,geography
landslide,geography
latitude,geography
lava,geography
levanter,geography
lightning,geography
literacy,geography
longitude,geography
magma,geography
magnitude,geography
mantle,geography
marsh,geography
megalopolis,geography
mercantilism,geography
meridian,geography
mesa,geography
meteorology,geography
migration,geography
mineral,geography
missionary,geography
mist,geography
mistral,geography
mobility,geography
monotheism,geography
monsoon,geography
mountain,geography
nation,geography
nationality,geography
nato,geography
nomad,geography
north,geography
oasis,geography
ocean,geography
oceanography,geography
oceanology,geography
orography,geography
overpopulation,geography
ozone,geography
paddy,geography
pagan,geography
pandemic,geography
parallel,geography
pasture,geography
patriotism,geography
peninsula,geography
periphery,geography
permafrost,geography
pidgin,geography
pilgrimage,geography
plain,geography
plankton,geography
plantation,geography
plateau,geography
polder,geography
political,geography
polytheism,geography
population,geography
prairie,geography
precipitation,geography
preservation,geography
productivity,geography
projection,geography
proselytize,geography
quota,geography
racism,geography
rain,geography
rainforest,geography
ranching,geography
reaper,geography
reapportionment,geography
recycling,geography
redline,geography
reef,geography
refugee,geography
region,geography
regionalism,geography
remittance,geography
repatriation,geography
resource,geography
reunification,geography
river,geography
runoff,geography
savanna,geography
sea,geography
secession,geography
sect,geography
secularism,geography
sediment,geography
segregation,geography
settlement,geography
sharecropper,geography
silt,geography
simoon,geography
sinkhole,geography
sirocco,geography
sleet,geography
smog,geography
snow,geography
sod,geography
soil,geography
south,geography
sovereignty,geography
sphere,geography
sprawl,geography
spring,geography
stalactite,geography
stalagmite,geography
state,geography
steppe,geography
strait,geography
stratum,geography
subcontinent,geography
suffrage,geography
superpower,geography
supranational,geography
sustainability,geography
sustainable,geography
swamp,geography
symbol,geography
syncretism,geography
temperate,geography
temperature,geography
terrain,geography
terrorism,geography
textile,geography
thermometer,geography
thunder,geography
thunderstorm,geography
tide,geography
topography,geography
topology,geography
toponym,geography
tornado,geography
township,geography
transnational,geography
treaty,geography
trench,geography
tributary,geography
tropic,geography
tsunami,geography
tundra,geography
typhoon,geography
underclass,geography
underpopulated,geography
universalism,geography
urbanization,geography
vale,geography
valley,geography
vegetation,geography
volcano,geography
vortex,geography
waterfall,geography
weather,geography
west,geography
wetland,geography
whirlpool,geography
whirlwind,geography
wind,geography
zephyr,geography
zoning,geography
abduction,legal
accuse,legal
acquit,legal
acquitted,legal
adjourn,legal
adjudicate,legal
adoption,legal
affidavit,legal
aggravated,legal
alibi,legal
alimony,legal
amendment,legal
appeal,legal
appellate,legal
apprehend,legal
argumentation,legal
arraign,legal
arrest,legal
assault,legal
attorney,legal
autopsy,legal
bail,legal
bailiff,legal
bankrupt,legal
bankruptcy,legal
barrister,legal
battery,legal
bench,legal
boarding,legal
breach,legal
bribe,legal
brief,legal
case,legal
challenge,legal
chancellor,legal
chicanery,legal
clause,legal
complaint,legal
consideration,legal
constitution,legal
contract,legal
convict,legal
court,legal
crime,legal
criminal,legal
culprit,legal
curfew,legal
custody,legal
deed,legal
defend,legal
defendant,legal
defense,legal
deposition,legal
detention,legal
discovery,legal
dissent,legal
divorce,legal
efficacy,legal
embezzlement,legal
equity,legal
espionage,legal
estoppel,legal
evict,legal
evidence,legal
expiration,legal
federal,legal
federalism,legal
felon,legal
felony,legal
fiat,legal
foreclosure,legal
forgery,legal
freedom,legal
frustration,legal
fugitive,legal
government,legal
grill,legal
guilty,legal
impeachment,legal
infringement,legal
injunction,legal
integrate,legal
interrogation,legal
judicial,legal
jurisdiction,legal
jurisprudence,legal
lascivious,legal
law,legal
lawsuit,legal
legislation,legal
levy,legal
lewd,legal
libel,legal
liberty,legal
lien,legal
magistrate,legal
malpractice,legal
manslaughter,legal
marshal,legal
misdemeanor,legal
misdemeanour,legal
morality,legal
murder,legal
negligence,legal
notwithstanding,legal
offender,legal
ordinance,legal
parole,legal
perjury,legal
perpetrator,legal
pious,legal
piracy,legal
plaintiff,legal
practicable,legal
precedent,legal
prevarication,legal
privacy,legal
prosecute,legal
provision,legal
punish,legal
ratified,legal
ratify,legal
refutation,legal
remand,legal
repudiate,legal
roundup,legal
sentence,legal
solicitor,legal
statute,legal
statutory,legal
stay,legal
sue,legal
summons,legal
surety,legal
suspended,legal
synthesize,legal
tenancy,legal
tort,legal
torture,legal
treason,legal
trespass,legal
trial,legal
tribunal,legal
utter,legal
verdict,legal
void,legal
volitional,legal
witness,legal
writ,legal
acapella,music
accelerando,music
accent,music
accidental,music
accompaniment,music
accompanist,music
accompany,music
accordion,music
acid,music
acoustic,music
acoustics,music
activity,music
adagio,music
aeolian,music
album,music
albums,music
aleatory,music
allegro,music
alternative,music
alto,music
ambient,music
amplify,music
analog,music
andante,music
anime,music
annotation,music
archaeology,music
aria,music
arranger,music
art,music
articulation,music
artist,music
artists,music
atonal,music
atonality,music
attack,music
audition,music
augmented,music
avantgarde,music
backbeat,music
bagpipe,music
ballad,music
ballet,music
band,music
bands,music
banjo,music
bar,music
baritone,music
baroque,music
bass,music
bassline,music
basso,music
bassoon,music
beat,music
beatles,music
bebob,music
bebop,music
behavior,music
binary,music
bluegrass,music
blues,music
bollywood,music
bow,music
bpm,music
britpop,music
broadcasting,music
brusque,music
bugle,music
cabaret,music
cadence,music
cadenza,music
calando,music
canon,music
cantabile,music
cantata,music
carillon,music
carol,music
castrato,music
cello,music
celtic,music
chaconne,music
chanson,music
chantey,music
chime,music
chirp,music
choir,music
chopin,music
chorale,music
chord,music
chordophone,music
chorus,music
chromatic,music
clapping,music
clarinet,music
clarion,music
classical,music
classics,music
clavichord,music
clavier,music
clef,music
club,music
coda,music
comedy,music
composer,music
composers,music
composition,music
compositions,music
concert,music
concertina,music
concertise,music
concertize,music
concerto,music
concerts,music
conduct,music
conducting,music
conductor,music
conga,music
conjunct,music
conservatory,music
consonance,music
contemporary,music
contrabass,music
contralto,music
cooking,music
copyright,music
cornet,music
counterpoint,music
country,music
courante,music
crescendo,music
crossover,music
cult,music
culture,music
cymbal,music
dance,music
darkwave,music
decrescendo,music
dedication,music
development,music
diatonic,music
diction,music
digital,music
diminished,music
diminuendo,music
diphthong,music
direct,music
disco,music
disjunct,music
dissonance,music
ditty,music
dixieland,music
dominant,music
dorian,music
dream,music
drone,music
drum,music
drumbeat,music
dub,music
duet,music
duo,music
duple,music
duration,music
dynamics,music
electronic,music
electronica,music
embellish,music
embouchure,music
encore,music
ensemble,music
entertainment,music
episode,music
ethnic,music
ethnomusicology,music
etude,music
euphony,music
eurodance,music
europe,music
experimental,music
exposition,music
expressionistic,music
falsetto,music
fandango,music
fanfare,music
femur,music
fermata,music
fiddle,music
filmmaking,music
finale,music
flag,music
flamenco,music
flat,music
flourish,music
flute,music
folk,music
folklore,music
follow,music
form,music
forte,music
fortemente,music
fortissimo,music
freelance,music
freestyle,music
fugue,music
funk,music
fusion,music
game,music
gamut,music
gangsta,music
gavotte,music
genre,music
genres,music
glee,music
glissando,music
goa,music
god,music
gospel,music
gothic,music
graduation,music
grave,music
groove,music
grunge,music
guitar,music
gypsy,music
hardcore,music
harmonica,music
harmonious,music
harmonise,music
harmonium,music
harmonize,music
harmony,music
harp,music
harpsichord,music
hop,music
house,music
humour,music
hunting,music
hymn,music
hyoid,music
impressionistic,music
impromptu,music
improvisation,music
improvise,music
indie,music
industrial,music
inharmonic,music
inscription,music
instrument,music
instrumental,music
instrumentate,music
interlude,music
intermezzo,music
intermission,music
interpretation,music
interval,music
intonation,music
invention,music
ionian,music
jazz,music
jazz+funk,music
jingle,music
jpop,music
jungle,music
karaoke,music
kazoo,music
key,music
keyboard,music
keynote,music
kwela,music
language,music
largo,music
larynx,music
latin,music
lead,music
legato,music
leitmotif,music
lento,music
libretto,music
ligature,music
literature,music
loudness,music
lure,music
lute,music
lydian,music
lyre,music
lyric,music
lyrical,music
lyrics,music
madrigal,music
maestro,music
major,music
mandolin,music
march,music
marimba,music
marriage,music
masterpiece,music
mate,music
mazurka,music
measure,music
mediant,music
medicine,music
meditative,music
medley,music
melodic,music
melodious,music
melody,music
merengue,music
metal,music
meter,music
mezzo,music
midi,music
minor,music
minstrel,music
minuet,music
modal,music
mode,music
moderato,music
modern,music
modulate,music
modulation,music
monkey,music
monody,music
monophonic,music
monophony,music
monotone,music
motif,music
muse,music
muses,music
musette,music
musical,music
musicality,music
musically,music
musician,music
musicians,music
musicianship,music
musicology,music
nationalism,music
natural,music
nature,music
neanderthal,music
negerpunk,music
nocturne,music
noise,music
notation,music
note,music
obbligato,music
obligato,music
oboe,music
ocarina,music
octave,music
octet,music
oldies,music
opera,music
operetta,music
opinion,music
opus,music
oratorio,music
orchestra,music
orchestrate,music
orchestration,music
organ,music
ornament,music
ostinato,music
other,music
overture,music
paleolithic,music
pan,music
parameter,music
part,music
partita,music
pastiche,music
pastoral,music
pattern,music
pedal,music
penalisation,music
penalization,music
penalty,music
pentatonic,music
perceive,music
percussion,music
performance,music
performed,music
performing,music
phenomenology,music
phenomenon,music
phrase,music
phrygian,music
pianissimo,music
piano,music
pianoforte,music
piccolo,music
pipe,music
pitch,music
pizzicato,music
play,music
playback,music
pluck,music
poetry,music
polka,music
polyphonic,music
polyphony,music
polytonalism,music
polytonality,music
pop,music
pop/funk,music
popularism,music
postmodern,music
posture,music
practice,music
pranks,music
prelude,music
preparation,music
presto,music
primus,music
production,music
program,music
progression,music
prokofiev,music
psalm,music
psychadelic,music
psychedelic,music
psychoacoustics,music
psychology,music
pulse,music
punishment,music
punk,music
pyrotechnics,music
quadruple,music
quality,music
quartet,music
quintet,music
r&b,music
radio,music
rag,music
ragtime,music
range,music
rap,music
rapping,music
rave,music
recapitulate,music
recapitulation,music
recital,music
recitation,music
recorder,music
recording,music
recordings,music
refrain,music
reggae,music
register,music
registration,music
reharmonise,music
reharmonize,music
release,music
renaissance,music
repeat,music
repetition,music
reprise,music
reprize,music
requiem,music
resolution,music
resonance,music
resonate,music
rest,music
retro,music
revival,music
rhapsody,music
rhythm,music
ritardando,music
rock,music
rockabilly,music
rococo,music
romantic,music
rondo,music
root,music
roulade,music
round,music
rubato,music
rumba,music
sackbut,music
sacred,music
salsa,music
samba,music
satire,music
saxhorn,music
saxophone,music
scale,music
scamp,music
scherzo,music
science,music
score,music
section,music
secular,music
segno,music
septet,music
sequence,music
serenade,music
sextet,music
sforzando,music
shamanism,music
shanty,music
sharp,music
showtunes,music
sightread,music
silence,music
sing,music
singer,music
singers,music
singing,music
sitar,music
ska,music
skank,music
skip,music
skirl,music
slide,music
slovenia,music
slur,music
smartphone,music
snare,music
softness,music
solfege,music
solmizate,music
solo,music
sonata,music
sonatina,music
song,music
songbird,music
songs,music
songwriter,music
songwriting,music
soprano,music
soul,music
sound,music
soundboard,music
soundtrack,music
sousaphone,music
space,music
speech,music
spiritual,music
staccato,music
staff,music
stave,music
stem,music
step,music
stop,music
strophe,music
structure,music
studio,music
subdivision,music
subdominant,music
subgenre,music
submediant,music
subtonic,music
suite,music
supertonic,music
swing,music
swoop,music
symphonise,music
symphonize,music
symphony,music
syncopate,music
syncopation,music
synthesiser,music
synthesizer,music
synthpop,music
tablature,music
tango,music
techno,music
tempo,music
tenor,music
ternary,music
territory,music
terror,music
texture,music
theme,music
tie,music
timber,music
timbre,music
time,music
tonality,music
tone,music
tongue,music
tonic,music
trailer,music
trance,music
transcribe,music
transposition,music
treble,music
tremolo,music
triad,music
triangle,music
tribal,music
trill,music
trio,music
triple,music
troll,music
trombone,music
troubadour,music
trumpet,music
tuba,music
tucket,music
tune,music
tunes,music
tuning,music
turntable,music
tweedle,music
ukulele,music
unison,music
variation,music
verse,music
vibration,music
vibrato,music
viola,music
violin,music
violoncello,music
virtuoso,music
vivace,music
vocal,music
vocalizing,music
voice,music
volume,music
wagner,music
waltz,music
whistle,music
whistling,music
woodwind,music
works,music
xylophone,music
zither,music
