quote,author,datetime
"accumsan neque et nunc. Quisque ornare tortor at risus. Nunc ac sem ut dolor dapibus gravida. Aliquam tincidunt, nunc ac mattis ornare, lectus ante dictum mi, ac mattis velit justo nec ante. Maecenas",Galena Vaughn,2023-02-01 00:00:35
"molestie pharetra nibh. Aliquam ornare, libero at auctor ullamcorper, nisl arcu iaculis enim, sit amet ornare lectus justo eu arcu. Morbi sit amet massa. Quisque porttitor eros nec tellus. Nunc lectus pede, ultrices a, auctor",Nomlanga Carlson,2023-02-01 00:00:35
"iaculis quis, pede.",Phillip Carr,2023-02-01 00:00:35
Proin non massa non,Perry Merritt,2023-02-01 00:00:35
ornare lectus justo eu arcu. Morbi sit amet massa. Quisque porttitor eros nec,Dante Bray,2023-02-01 00:00:35
"sociosqu ad litora torquent per conubia nostra, per inceptos hymenaeos. Mauris ut quam vel sapien imperdiet",Troy Dickson,2023-02-01 00:00:35
quam dignissim pharetra. Nam ac nulla. In tincidunt congue turpis. In condimentum. Donec,Tatiana Sharpe,2023-02-01 00:00:35
Nunc ac sem ut dolor dapibus gravida.,Armando Salas,2023-02-01 00:00:35
"ornare lectus justo eu arcu. Morbi sit amet massa. Quisque porttitor eros nec tellus. Nunc lectus pede, ultrices a, auctor non, feugiat nec, diam. Duis mi enim,",Scarlett Barnes,2023-02-01 00:00:35
"parturient montes, nascetur ridiculus mus. Donec dignissim magna a tortor. Nunc commodo auctor velit. Aliquam nisl. Nulla eu neque pellentesque massa lobortis ultrices. Vivamus rhoncus. Donec est. Nunc ullamcorper, velit in aliquet lobortis, nisi",Noelani Campbell,2023-02-01 00:00:35
nibh. Phasellus,Vivian Carver,2023-02-01 00:00:35
"vulputate mauris sagittis placerat. Cras dictum ultricies ligula. Nullam enim. Sed nulla ante, iaculis nec, eleifend non, dapibus",Brandon Long,2023-02-01 00:00:35
"nec, malesuada ut, sem. Nulla interdum. Curabitur dictum. Phasellus in felis. Nulla tempor augue ac ipsum. Phasellus vitae mauris sit amet lorem semper auctor. Mauris vel turpis. Aliquam adipiscing lobortis risus. In mi pede, nonummy",Xantha Emerson,2023-02-01 00:00:35
eget metus.,Urielle Henson,2023-02-01 00:00:35
"eu enim. Etiam imperdiet dictum magna. Ut tincidunt orci quis lectus. Nullam suscipit, est ac facilisis facilisis, magna tellus faucibus leo,",Dexter Church,2023-02-01 00:00:35
"at arcu. Vestibulum ante ipsum primis in faucibus orci luctus et ultrices posuere cubilia Curae Donec tincidunt. Donec vitae erat vel pede blandit congue. In scelerisque scelerisque dui. Suspendisse ac metus vitae velit egestas lacinia. Sed congue,",Bryar Knight,2023-02-01 00:00:35
"ante blandit viverra. Donec tempus, lorem fringilla ornare placerat, orci lacus vestibulum lorem, sit amet ultricies sem magna nec quam. Curabitur vel lectus. Cum sociis natoque penatibus et magnis dis parturient montes, nascetur ridiculus mus. Donec dignissim",Cedric Nunez,2023-02-01 00:00:35
lorem vitae odio sagittis semper. Nam tempor diam dictum sapien. Aenean,Dolan Giles,2023-02-01 00:00:35
"eu, ligula. Aenean euismod mauris eu elit. Nulla facilisi. Sed neque. Sed eget lacus. Mauris non dui nec urna suscipit nonummy. Fusce fermentum fermentum arcu. Vestibulum ante ipsum primis in",Kyra Estrada,2023-02-01 00:00:35
enim non nisi. Aenean eget metus. In nec orci. Donec nibh. Quisque nonummy ipsum non arcu. Vivamus sit amet risus. Donec egestas. Aliquam,Germaine Palmer,2023-02-01 00:00:35
"diam at pretium aliquet, metus urna convallis",Allistair Howard,2023-02-01 00:00:35
"adipiscing non, luctus sit amet, faucibus ut, nulla. Cras eu tellus eu augue porttitor interdum. Sed auctor odio a purus. Duis elementum, dui quis accumsan",Ivan Burns,2023-02-01 00:00:35
"felis purus ac tellus. Suspendisse sed dolor. Fusce mi lorem, vehicula et, rutrum eu, ultrices sit amet, risus. Donec nibh enim, gravida sit amet, dapibus id, blandit at,",Remedios Mcdonald,2023-02-01 00:00:35
"Phasellus libero mauris, aliquam eu, accumsan sed, facilisis vitae, orci. Phasellus dapibus quam quis diam. Pellentesque habitant morbi tristique senectus et netus et malesuada",Nichole Wilkerson,2023-02-01 00:00:35
"malesuada fringilla est. Mauris eu turpis. Nulla aliquet. Proin velit. Sed malesuada augue ut lacus. Nulla tincidunt, neque vitae semper egestas, urna",Silas Hunt,2023-02-01 00:00:35
lacus vestibulum,Cleo Simon,2023-02-02 00:00:40
"cursus vestibulum. Mauris magna. Duis dignissim tempor arcu. Vestibulum ut eros non enim commodo hendrerit. Donec porttitor tellus non magna. Nam ligula elit, pretium et, rutrum non, hendrerit id, ante. Nunc mauris sapien, cursus",Laurel Wynn,2023-02-02 00:00:40
"sollicitudin a, malesuada id, erat. Etiam vestibulum massa rutrum magna. Cras convallis convallis",Natalie Cochran,2023-02-02 00:00:40
"tellus. Suspendisse sed dolor. Fusce mi lorem, vehicula et, rutrum eu, ultrices sit amet, risus.",Raymond Blackwell,2023-02-02 00:00:40
"Suspendisse commodo tincidunt nibh. Phasellus nulla. Integer vulputate, risus a ultricies adipiscing, enim mi tempor lorem, eget mollis lectus pede et risus. Quisque libero lacus,",Cheyenne White,2023-02-02 00:00:40
"eros nec tellus. Nunc lectus pede, ultrices a, auctor non, feugiat nec, diam. Duis mi enim, condimentum eget, volutpat ornare, facilisis eget, ipsum. Donec sollicitudin adipiscing ligula. Aenean gravida nunc sed pede. Cum sociis natoque",Ali Hawkins,2023-02-02 00:00:40
"ut, pellentesque eget, dictum placerat, augue. Sed molestie. Sed",Zane Estes,2023-02-02 00:00:40
"in, dolor. Fusce feugiat. Lorem ipsum dolor sit amet, consectetuer adipiscing elit. Aliquam auctor, velit eget laoreet posuere, enim nisl",Vance Kirkland,2023-02-02 00:00:40
"convallis est, vitae sodales nisi magna sed dui. Fusce aliquam, enim nec tempus scelerisque, lorem ipsum sodales purus, in molestie tortor nibh sit amet orci. Ut",Rebecca Cash,2023-02-02 00:00:40
"purus. Maecenas libero est, congue a, aliquet vel, vulputate eu, odio. Phasellus at augue id ante dictum cursus. Nunc mauris elit, dictum eu, eleifend nec, malesuada ut, sem. Nulla interdum. Curabitur dictum. Phasellus in felis. Nulla tempor augue",Lavinia Leonard,2023-02-02 00:00:40
"sit amet, risus. Donec nibh enim, gravida sit amet, dapibus id, blandit at, nisi. Cum sociis natoque penatibus et magnis dis parturient montes, nascetur ridiculus mus. Proin vel nisl. Quisque fringilla euismod enim. Etiam gravida molestie arcu. Sed eu",Patricia Leblanc,2023-02-02 00:00:40
"laoreet lectus quis massa. Mauris vestibulum, neque sed dictum eleifend, nunc risus varius orci, in consequat enim diam vel arcu.",Diana Stuart,2023-02-02 00:00:40
adipiscing lacus. Ut nec urna et arcu imperdiet ullamcorper. Duis at,Gary Rush,2023-02-02 00:00:40
"nascetur ridiculus mus. Proin vel arcu eu odio tristique pharetra. Quisque ac libero nec ligula consectetuer rhoncus. Nullam velit dui, semper et, lacinia vitae, sodales at,",Jessamine Hendricks,2023-02-02 00:00:40
justo. Praesent luctus. Curabitur egestas nunc sed libero. Proin sed,Keefe Kelly,2023-02-02 00:00:40
"velit egestas lacinia. Sed congue, elit sed consequat auctor, nunc nulla",Olga Schneider,2023-02-02 00:00:40
"vel turpis. Aliquam adipiscing lobortis risus. In mi pede, nonummy ut, molestie in, tempus",Quamar Strickland,2023-02-02 00:00:40
"quam a felis ullamcorper viverra. Maecenas iaculis aliquet diam. Sed diam lorem, auctor quis, tristique ac, eleifend vitae, erat. Vivamus nisi. Mauris nulla.",Thane Nielsen,2023-02-02 00:00:40
molestie dapibus ligula. Aliquam erat volutpat. Nulla dignissim. Maecenas ornare egestas ligula. Nullam,Palmer Flynn,2023-02-02 00:00:40
"orci, in consequat enim diam vel arcu. Curabitur ut odio vel est tempor",Lilah Scott,2023-02-02 00:00:40
"mauris. Morbi non sapien molestie orci tincidunt adipiscing. Mauris molestie pharetra nibh. Aliquam ornare, libero at auctor ullamcorper, nisl arcu iaculis enim, sit amet ornare lectus",Bruno Duke,2023-02-02 00:00:40
"congue a, aliquet vel, vulputate eu, odio. Phasellus at augue id ante dictum cursus. Nunc mauris elit, dictum eu, eleifend nec, malesuada ut, sem. Nulla interdum. Curabitur dictum. Phasellus in felis. Nulla tempor augue ac ipsum. Phasellus",Liberty Hopper,2023-02-02 00:00:40
"elit. Etiam laoreet, libero et tristique pellentesque, tellus sem mollis dui, in sodales elit erat vitae risus. Duis",Ian Clay,2023-02-02 00:00:40
turpis egestas. Aliquam fringilla cursus purus. Nullam scelerisque neque,Nadine Potts,2023-02-02 00:00:40
"malesuada augue ut lacus. Nulla tincidunt, neque",Gillian Farley,2023-02-03 00:00:40
quis massa.,Lance Wiley,2023-02-03 00:00:40
Proin vel nisl. Quisque fringilla,Charles Kirby,2023-02-03 00:00:40
"Curabitur sed tortor. Integer aliquam adipiscing lacus. Ut nec urna et arcu imperdiet ullamcorper. Duis at lacus. Quisque purus sapien, gravida non, sollicitudin a, malesuada id, erat.",Jaquelyn Sharp,2023-02-03 00:00:40
sit amet,Summer Daniels,2023-02-03 00:00:40
fringilla purus mauris a nunc. In at pede. Cras vulputate velit eu sem. Pellentesque ut ipsum ac mi eleifend egestas. Sed,Keaton Robertson,2023-02-03 00:00:40
"a, arcu. Sed et libero. Proin mi. Aliquam gravida mauris ut mi. Duis risus odio, auctor vitae, aliquet nec, imperdiet nec, leo. Morbi neque tellus, imperdiet non,",Caleb Hewitt,2023-02-03 00:00:40
"parturient montes, nascetur ridiculus mus. Donec dignissim magna a tortor. Nunc commodo auctor velit. Aliquam nisl. Nulla eu neque pellentesque massa lobortis ultrices. Vivamus rhoncus. Donec est. Nunc ullamcorper, velit",Zena Foley,2023-02-03 00:00:40
"Nullam velit dui, semper et, lacinia vitae, sodales at, velit. Pellentesque ultricies dignissim lacus. Aliquam rutrum lorem ac risus. Morbi metus. Vivamus euismod",Karen Hines,2023-02-03 00:00:40
"tempor bibendum. Donec felis orci, adipiscing non, luctus sit amet, faucibus ut, nulla. Cras eu tellus eu augue porttitor interdum. Sed auctor odio a purus.",August Young,2023-02-03 00:00:40
"mi pede, nonummy ut, molestie in, tempus eu, ligula. Aenean euismod mauris eu elit. Nulla facilisi. Sed neque. Sed",Brandon Simon,2023-02-04 00:00:23
"metus urna convallis erat, eget tincidunt dui augue eu tellus. Phasellus elit pede, malesuada",Veda Orr,2023-02-04 00:00:23
"Cum sociis natoque penatibus et magnis dis parturient montes, nascetur ridiculus mus. Proin vel arcu eu odio tristique pharetra. Quisque ac libero",Madonna Le,2023-02-04 00:00:23
"Sed auctor odio a purus. Duis elementum, dui quis accumsan convallis, ante lectus convallis est, vitae sodales nisi magna sed dui. Fusce aliquam, enim nec tempus scelerisque, lorem ipsum sodales purus, in molestie tortor",Lucas Romero,2023-02-04 00:00:23
"molestie pharetra nibh. Aliquam ornare, libero at auctor ullamcorper, nisl arcu",Price Cannon,2023-02-04 00:00:23
"dis parturient montes, nascetur ridiculus mus. Donec dignissim magna a tortor. Nunc commodo auctor velit. Aliquam nisl.",Kennan Castaneda,2023-02-04 00:00:23
ultrices iaculis odio. Nam interdum enim non nisi. Aenean eget metus. In nec orci. Donec nibh. Quisque nonummy ipsum non arcu. Vivamus sit,Odysseus Combs,2023-02-04 00:00:23
"ut, molestie in, tempus eu, ligula. Aenean euismod mauris eu elit. Nulla facilisi. Sed neque. Sed eget lacus. Mauris non dui nec urna suscipit nonummy. Fusce fermentum fermentum arcu. Vestibulum ante ipsum primis in faucibus orci",Stuart Hill,2023-02-04 00:00:23
tincidunt tempus risus. Donec egestas. Duis ac arcu.,Wyoming Flores,2023-02-04 00:00:23
Integer id magna et ipsum cursus vestibulum. Mauris magna. Duis dignissim tempor arcu. Vestibulum ut eros,Denton Lopez,2023-02-04 00:00:23
"nunc est, mollis non, cursus non,",Penelope Mcmillan,2023-02-04 00:00:23
eros. Nam consequat dolor vitae dolor. Donec fringilla. Donec feugiat metus sit amet ante. Vivamus,Iona Dalton,2023-02-04 00:00:23
"Sed nulla ante, iaculis nec, eleifend non, dapibus rutrum, justo. Praesent luctus. Curabitur egestas nunc sed",Daquan Massey,2023-02-04 00:00:23
"magna. Phasellus dolor elit, pellentesque a, facilisis non, bibendum sed, est. Nunc laoreet lectus quis massa. Mauris vestibulum, neque sed dictum eleifend, nunc risus varius orci, in consequat enim",Deborah Contreras,2023-02-04 00:00:23
convallis dolor.,Darrel Key,2023-02-04 00:00:23
"tellus, imperdiet non, vestibulum nec, euismod in, dolor. Fusce feugiat. Lorem ipsum",Lamar Dunlap,2023-02-04 00:00:23
"mauris ut mi. Duis risus odio, auctor vitae, aliquet nec, imperdiet nec, leo. Morbi",Gemma Alvarez,2023-02-04 00:00:23
arcu.,Emerald Rowland,2023-02-04 00:00:23
"montes, nascetur ridiculus mus. Proin vel nisl. Quisque fringilla euismod enim. Etiam gravida molestie arcu. Sed eu nibh vulputate mauris sagittis placerat. Cras dictum ultricies ligula. Nullam enim. Sed nulla ante, iaculis nec, eleifend non,",Stewart Aguirre,2023-02-04 00:00:23
"Nam interdum enim non nisi. Aenean eget metus. In nec orci. Donec nibh. Quisque nonummy ipsum non arcu. Vivamus sit amet risus. Donec egestas. Aliquam nec enim. Nunc ut erat. Sed nunc est, mollis non, cursus non, egestas",Lani Reynolds,2023-02-04 00:00:23
"vel pede blandit congue. In scelerisque scelerisque dui. Suspendisse ac metus vitae velit egestas lacinia. Sed congue, elit sed consequat auctor, nunc nulla vulputate dui, nec tempus mauris erat eget ipsum. Suspendisse sagittis. Nullam",Lael Kennedy,2023-02-04 00:00:23
"nulla vulputate dui, nec tempus mauris erat eget ipsum. Suspendisse sagittis. Nullam vitae diam. Proin dolor. Nulla semper tellus id nunc interdum feugiat. Sed nec metus facilisis lorem tristique aliquet. Phasellus fermentum convallis ligula. Donec luctus aliquet odio. Etiam",Unity Lambert,2023-02-04 00:00:23
Pellentesque habitant morbi tristique senectus et netus et malesuada fames ac turpis egestas. Aliquam fringilla cursus purus. Nullam scelerisque neque sed sem egestas blandit. Nam nulla,Jordan Guy,2023-02-04 00:00:23
"lacinia. Sed congue, elit sed consequat auctor, nunc nulla vulputate dui, nec tempus mauris erat eget ipsum. Suspendisse sagittis.",Mason Robinson,2023-02-04 00:00:23
"tristique aliquet. Phasellus fermentum convallis ligula. Donec luctus aliquet odio. Etiam ligula tortor, dictum",Armando Cummings,2023-02-04 00:00:23
"Pellentesque tincidunt tempus risus. Donec egestas. Duis ac arcu. Nunc mauris. Morbi non sapien molestie orci tincidunt adipiscing. Mauris molestie pharetra nibh. Aliquam ornare, libero at auctor ullamcorper, nisl arcu iaculis enim, sit amet ornare lectus",Guy Tanner,2023-02-04 00:00:23
"arcu et pede. Nunc sed orci lobortis augue scelerisque mollis. Phasellus libero mauris, aliquam eu, accumsan sed,",Keelie Mckenzie,2023-02-04 00:00:23
"Cras lorem lorem, luctus ut, pellentesque eget, dictum placerat, augue. Sed molestie. Sed",Wade Barton,2023-02-04 00:00:23
"litora torquent per conubia nostra, per inceptos hymenaeos. Mauris ut quam vel sapien imperdiet ornare. In faucibus. Morbi vehicula. Pellentesque tincidunt tempus risus. Donec egestas. Duis ac arcu. Nunc mauris. Morbi non sapien molestie orci tincidunt adipiscing. Mauris molestie",Orlando Melendez,2023-02-04 00:00:23
"Suspendisse commodo tincidunt nibh. Phasellus nulla. Integer vulputate, risus a ultricies adipiscing, enim mi tempor lorem, eget mollis",Ebony Paul,2023-02-04 00:00:23
"dolor. Quisque tincidunt pede ac urna. Ut tincidunt vehicula risus. Nulla eget metus eu erat semper rutrum. Fusce dolor quam, elementum at, egestas a, scelerisque sed, sapien. Nunc pulvinar arcu et pede. Nunc sed orci",Cynthia Dennis,2023-02-06 00:00:23
"velit egestas lacinia. Sed congue, elit sed consequat auctor, nunc nulla vulputate dui, nec tempus mauris erat eget ipsum. Suspendisse sagittis. Nullam vitae diam. Proin dolor. Nulla semper tellus id",Aileen Carpenter,2023-02-06 00:00:23
a feugiat tellus lorem,Victoria Sweet,2023-02-06 00:00:23
"velit egestas lacinia. Sed congue, elit sed consequat auctor, nunc nulla vulputate dui, nec tempus mauris erat eget ipsum. Suspendisse sagittis. Nullam vitae diam. Proin dolor. Nulla semper tellus id nunc interdum feugiat. Sed nec metus facilisis",Sandra Petty,2023-02-06 00:00:23
"massa. Integer vitae nibh. Donec est mauris, rhoncus id, mollis nec, cursus a, enim. Suspendisse aliquet, sem ut cursus",Cole Hutchinson,2023-02-06 00:00:23
"a, aliquet vel, vulputate eu, odio. Phasellus at augue id ante dictum cursus. Nunc mauris elit, dictum eu, eleifend nec, malesuada ut, sem. Nulla interdum.",Aurelia Phillips,2023-02-06 00:00:23
ante ipsum primis,Orson Burris,2023-02-06 00:00:23
"sit amet, consectetuer adipiscing elit. Etiam laoreet, libero et tristique pellentesque, tellus sem mollis dui, in sodales elit erat vitae risus. Duis a mi fringilla mi lacinia mattis. Integer eu lacus. Quisque imperdiet, erat nonummy",Linda Munoz,2023-02-06 00:00:23
"diam at pretium aliquet, metus urna",Dieter Bowers,2023-02-06 00:00:23
fermentum arcu. Vestibulum ante ipsum primis in faucibus orci luctus et ultrices posuere cubilia Curae Phasellus ornare.,Alexandra Livingston,2023-02-06 00:00:23
sit amet ultricies,Savannah Graham,2023-02-08 00:00:23
"scelerisque sed, sapien.",,2023-02-08 00:00:23
enim. Mauris quis turpis vitae purus gravida sagittis. Duis gravida. Praesent eu nulla at sem molestie sodales. Mauris blandit enim,,2023-02-08 00:00:23
lobortis augue scelerisque,,2023-02-08 00:00:23
"massa. Quisque porttitor eros nec tellus. Nunc lectus pede, ultrices a, auctor non, feugiat nec, diam. Duis mi enim,",,2023-02-08 00:00:23
turpis vitae purus gravida sagittis. Duis gravida. Praesent eu nulla at sem molestie sodales.,,2023-02-08 00:00:23
"adipiscing elit. Etiam laoreet, libero et tristique pellentesque, tellus sem mollis dui, in sodales elit erat vitae risus.",,2023-02-08 00:00:23
"Quisque libero lacus, varius et, euismod et, commodo at, libero. Morbi",,2023-02-08 00:00:23
Proin eget odio. Aliquam vulputate ullamcorper magna. Sed eu eros. Nam consequat dolor vitae dolor. Donec fringilla. Donec feugiat metus sit amet ante. Vivamus non lorem vitae odio sagittis semper. Nam,,2023-02-08 00:00:23
"pellentesque massa lobortis ultrices. Vivamus rhoncus. Donec est. Nunc ullamcorper, velit in aliquet lobortis, nisi nibh lacinia orci, consectetuer euismod est arcu ac orci. Ut semper pretium neque. Morbi quis urna. Nunc quis arcu vel quam dignissim pharetra. Nam",,2023-02-08 00:00:23
"cubilia Curae Phasellus ornare. Fusce mollis. Duis sit amet diam eu dolor egestas rhoncus. Proin nisl sem, consequat nec, mollis vitae, posuere at, velit. Cras lorem lorem,",,2023-02-08 00:00:23
"mi. Aliquam gravida mauris ut mi. Duis risus odio, auctor vitae, aliquet nec, imperdiet nec,",,2023-02-08 00:00:23
"mauris ipsum porta elit, a feugiat tellus lorem eu metus. In lorem. Donec elementum, lorem ut aliquam iaculis, lacus pede sagittis augue, eu tempor erat neque non quam. Pellentesque",,2023-02-08 00:00:23
"Nunc mauris elit, dictum eu, eleifend nec, malesuada ut, sem. Nulla interdum. Curabitur dictum. Phasellus in felis. Nulla tempor augue ac ipsum. Phasellus vitae mauris sit amet",,2023-02-08 00:00:23
gravida nunc sed pede. Cum,,2023-02-08 00:00:23
"auctor quis, tristique ac, eleifend vitae, erat. Vivamus nisi.",,2023-02-08 00:00:23
"scelerisque scelerisque dui. Suspendisse ac metus vitae velit egestas lacinia. Sed congue, elit sed consequat auctor, nunc nulla",,2023-02-08 00:00:23
"lorem ipsum sodales purus, in molestie tortor nibh sit amet orci. Ut sagittis lobortis mauris. Suspendisse aliquet molestie tellus. Aenean egestas hendrerit neque. In ornare sagittis felis.",,2023-02-08 00:00:23
"eu metus. In lorem. Donec elementum,",,2023-02-08 00:00:23
eget lacus. Mauris non dui nec urna suscipit nonummy. Fusce fermentum fermentum arcu. Vestibulum ante ipsum primis in faucibus orci luctus et ultrices posuere cubilia Curae Phasellus ornare. Fusce mollis. Duis sit,,2023-02-08 00:00:23
"auctor. Mauris vel turpis. Aliquam adipiscing lobortis risus. In mi pede, nonummy ut, molestie in, tempus",,2023-02-09 00:00:23
"gravida mauris ut mi. Duis risus odio, auctor vitae, aliquet nec, imperdiet nec, leo. Morbi neque tellus, imperdiet non, vestibulum nec, euismod in, dolor. Fusce feugiat. Lorem ipsum dolor sit amet, consectetuer adipiscing elit. Aliquam auctor,",,2023-02-09 00:00:23
"non, vestibulum nec, euismod in, dolor. Fusce feugiat. Lorem ipsum dolor sit",,2023-02-09 00:00:23
"dolor sit amet, consectetuer adipiscing elit. Curabitur sed tortor. Integer aliquam adipiscing lacus. Ut nec urna et arcu imperdiet ullamcorper. Duis at lacus. Quisque purus sapien, gravida non, sollicitudin a, malesuada",,2023-02-09 00:00:23
ipsum nunc,,2023-02-09 00:00:23
"gravida molestie arcu. Sed eu nibh vulputate mauris sagittis placerat. Cras dictum ultricies ligula. Nullam enim. Sed nulla ante, iaculis nec, eleifend non, dapibus rutrum, justo. Praesent luctus. Curabitur egestas nunc sed",,2023-02-09 00:00:23
"ultricies sem magna nec quam. Curabitur vel lectus. Cum sociis natoque penatibus et magnis dis parturient montes, nascetur ridiculus mus. Donec dignissim magna a tortor. Nunc commodo auctor velit. Aliquam nisl. Nulla eu neque pellentesque",,2023-02-09 00:00:23
Mauris eu,,2023-02-09 00:00:23
Phasellus fermentum convallis ligula.,,2023-02-09 00:00:23
vel pede blandit congue. In scelerisque scelerisque,,2023-02-09 00:00:23
"vulputate, lacus. Cras interdum. Nunc sollicitudin commodo ipsum. Suspendisse non leo. Vivamus nibh dolor, nonummy ac, feugiat non, lobortis quis, pede. Suspendisse dui. Fusce diam nunc, ullamcorper eu,",,2023-02-09 00:00:23
"ornare. Fusce mollis. Duis sit amet diam eu dolor egestas rhoncus. Proin nisl sem, consequat nec, mollis vitae, posuere at, velit. Cras lorem lorem, luctus ut, pellentesque eget, dictum placerat, augue.",,2023-02-09 00:00:23
"pede, ultrices a, auctor non, feugiat nec, diam. Duis mi enim, condimentum eget, volutpat ornare, facilisis eget, ipsum. Donec sollicitudin adipiscing ligula. Aenean gravida",,2023-02-09 00:00:23
"at fringilla purus mauris a nunc. In at pede. Cras vulputate velit eu sem. Pellentesque ut ipsum ac mi eleifend egestas. Sed pharetra, felis eget varius ultrices, mauris ipsum porta elit, a",,2023-02-09 00:00:23
"ipsum. Curabitur consequat, lectus sit amet luctus vulputate, nisi sem semper erat, in consectetuer ipsum nunc id enim. Curabitur massa. Vestibulum accumsan neque et nunc. Quisque ornare tortor at risus. Nunc",,2023-02-09 00:00:23
"neque venenatis lacus. Etiam bibendum fermentum metus. Aenean sed pede nec ante blandit viverra. Donec tempus,",,2023-02-09 00:00:23
"ut, molestie in, tempus eu, ligula. Aenean euismod mauris eu elit. Nulla facilisi. Sed neque. Sed eget lacus. Mauris non dui nec urna suscipit nonummy. Fusce fermentum fermentum arcu. Vestibulum ante ipsum",,2023-02-09 00:00:23
"at, velit. Cras lorem lorem, luctus ut,",,2023-02-09 00:00:23
ac turpis egestas. Aliquam fringilla cursus purus.,,2023-02-09 00:00:23
"eu tellus. Phasellus elit pede, malesuada vel, venenatis vel, faucibus id, libero. Donec consectetuer mauris id sapien. Cras dolor",,2023-02-09 00:00:23
"euismod in, dolor.",,2023-02-09 00:00:23
sem egestas blandit. Nam,,2023-02-09 00:00:23
quis arcu vel quam dignissim pharetra. Nam ac nulla. In tincidunt congue turpis. In condimentum. Donec at arcu. Vestibulum ante ipsum primis in faucibus orci luctus et ultrices posuere cubilia,,2023-02-10 00:00:23
"neque vitae semper egestas, urna justo faucibus lectus, a sollicitudin orci sem eget massa. Suspendisse eleifend. Cras sed leo. Cras vehicula aliquet libero. Integer in magna. Phasellus dolor elit, pellentesque a, facilisis non, bibendum sed, est.",,2023-02-10 00:00:23
"Sed pharetra, felis eget varius ultrices, mauris ipsum porta elit, a feugiat tellus lorem eu",,2023-02-10 00:00:23
"nec quam. Curabitur vel lectus. Cum sociis natoque penatibus et magnis dis parturient montes, nascetur ridiculus mus. Donec dignissim magna a tortor.",,2023-02-10 00:00:23
"vitae nibh. Donec est mauris, rhoncus id, mollis nec, cursus a, enim. Suspendisse aliquet, sem ut cursus luctus, ipsum leo elementum sem, vitae aliquam eros",,2023-02-10 00:00:23
"risus varius orci, in consequat enim diam vel arcu. Curabitur ut odio vel est tempor bibendum. Donec felis orci, adipiscing non, luctus sit amet, faucibus ut, nulla. Cras",,2023-02-10 00:00:23
"sapien, cursus in, hendrerit consectetuer, cursus et, magna. Praesent interdum ligula eu enim. Etiam imperdiet dictum magna. Ut tincidunt orci quis lectus. Nullam suscipit, est ac facilisis facilisis, magna tellus faucibus leo, in lobortis tellus justo",,2023-02-10 00:00:23
"suscipit, est ac facilisis facilisis, magna tellus faucibus leo, in lobortis tellus justo sit amet nulla. Donec non justo. Proin non massa non ante bibendum ullamcorper. Duis cursus, diam at pretium aliquet, metus urna convallis erat, eget tincidunt dui",,2023-02-10 00:00:23
sem. Nulla interdum. Curabitur dictum. Phasellus in felis. Nulla tempor augue ac ipsum. Phasellus vitae mauris sit amet lorem semper auctor. Mauris vel turpis. Aliquam adipiscing,,2023-02-10 00:00:23
"sed pede. Cum sociis natoque penatibus et magnis dis parturient montes, nascetur ridiculus mus. Proin vel arcu eu odio tristique pharetra. Quisque ac libero nec ligula consectetuer",,2023-02-10 00:00:23
"accumsan laoreet ipsum. Curabitur consequat, lectus sit amet luctus vulputate, nisi sem semper erat, in consectetuer ipsum nunc id enim. Curabitur massa. Vestibulum accumsan neque et nunc. Quisque ornare tortor at risus. Nunc ac sem ut dolor dapibus",,2023-02-10 00:00:23
"tortor at risus. Nunc ac sem ut dolor dapibus gravida. Aliquam tincidunt, nunc ac mattis ornare, lectus ante dictum mi, ac mattis velit justo nec",,2023-02-10 00:00:23
"in, hendrerit consectetuer, cursus et, magna. Praesent interdum ligula eu enim. Etiam imperdiet dictum magna. Ut tincidunt orci quis lectus. Nullam suscipit, est ac facilisis facilisis, magna tellus faucibus leo, in lobortis tellus",,2023-02-10 00:00:23
"massa lobortis ultrices. Vivamus rhoncus. Donec est. Nunc ullamcorper, velit in aliquet lobortis, nisi nibh lacinia orci, consectetuer euismod est arcu ac orci. Ut semper pretium neque. Morbi quis urna. Nunc quis arcu vel quam dignissim",,2023-02-10 00:00:23
"aliquet vel, vulputate eu, odio. Phasellus at augue id ante dictum cursus. Nunc mauris elit, dictum eu, eleifend nec, malesuada ut, sem. Nulla interdum. Curabitur dictum. Phasellus in felis. Nulla tempor augue ac ipsum.",,2023-02-10 00:00:23
Aenean eget magna. Suspendisse tristique neque,,2023-02-10 00:00:23
lobortis tellus justo sit amet nulla. Donec non justo. Proin,,2023-02-10 00:00:23
"massa. Integer vitae nibh. Donec est mauris, rhoncus id, mollis nec, cursus a, enim. Suspendisse aliquet, sem ut cursus luctus, ipsum leo elementum sem, vitae aliquam eros turpis non enim. Mauris quis turpis vitae",,2023-02-10 00:00:23
"massa lobortis ultrices. Vivamus rhoncus. Donec est. Nunc ullamcorper, velit in",,2023-02-10 00:00:23
dis,,2023-02-10 00:00:23
"tincidunt, nunc ac mattis ornare, lectus ante dictum mi, ac mattis velit justo nec ante. Maecenas mi felis,",,2023-02-10 00:00:23
"augue ut lacus. Nulla tincidunt, neque vitae semper egestas, urna justo faucibus lectus, a sollicitudin orci sem eget massa. Suspendisse eleifend. Cras sed leo.",,2023-02-10 00:00:23
"sagittis semper. Nam tempor diam dictum sapien. Aenean massa. Integer vitae nibh. Donec est mauris, rhoncus id, mollis nec, cursus a, enim. Suspendisse",,2023-02-10 00:00:23
"fermentum vel, mauris. Integer sem elit, pharetra ut, pharetra sed,",,2023-02-10 00:00:23
fringilla purus mauris a nunc. In at pede. Cras vulputate velit eu,,2023-02-10 00:00:23
"diam lorem, auctor quis, tristique ac, eleifend vitae, erat. Vivamus nisi. Mauris nulla. Integer urna. Vivamus molestie dapibus ligula. Aliquam erat volutpat. Nulla dignissim. Maecenas ornare egestas ligula. Nullam",,2023-02-10 00:00:23
"odio a purus. Duis elementum, dui quis accumsan convallis, ante lectus convallis est, vitae sodales nisi magna sed dui. Fusce aliquam, enim nec tempus scelerisque, lorem ipsum sodales",,2023-02-10 00:00:23
libero. Proin sed turpis nec mauris blandit mattis. Cras eget nisi dictum augue malesuada malesuada. Integer id magna et ipsum cursus vestibulum. Mauris magna. Duis dignissim tempor arcu.,,2023-02-10 00:00:23
"Aliquam tincidunt, nunc ac mattis ornare, lectus ante dictum mi, ac mattis velit justo nec ante. Maecenas mi felis, adipiscing fringilla, porttitor vulputate, posuere vulputate, lacus. Cras interdum.",,2023-02-10 00:00:23
"Nunc commodo auctor velit. Aliquam nisl. Nulla eu neque pellentesque massa lobortis ultrices. Vivamus rhoncus. Donec est. Nunc ullamcorper, velit in aliquet lobortis,",,2023-02-10 00:00:23
"molestie pharetra nibh. Aliquam ornare, libero at auctor ullamcorper, nisl arcu iaculis enim, sit amet ornare lectus justo eu arcu. Morbi",,2023-02-10 00:00:23
"euismod enim. Etiam gravida molestie arcu. Sed eu nibh vulputate mauris sagittis placerat. Cras dictum ultricies ligula. Nullam enim. Sed nulla ante, iaculis nec, eleifend non, dapibus rutrum, justo. Praesent luctus. Curabitur",,2023-02-10 00:00:23
"malesuada vel, venenatis vel, faucibus id, libero. Donec consectetuer mauris id sapien. Cras dolor dolor, tempus non,",,2023-02-10 00:00:23
vitae mauris sit amet lorem semper auctor. Mauris vel turpis. Aliquam adipiscing lobortis risus. In,,2023-02-10 00:00:23
"urna justo faucibus lectus, a sollicitudin orci sem eget massa. Suspendisse eleifend. Cras sed leo. Cras vehicula aliquet libero. Integer in magna. Phasellus dolor elit, pellentesque a, facilisis non, bibendum sed, est. Nunc laoreet lectus quis massa. Mauris vestibulum,",,2023-02-10 00:00:23
"tempor diam dictum sapien. Aenean massa. Integer vitae nibh. Donec est mauris, rhoncus id, mollis nec, cursus a, enim. Suspendisse aliquet, sem ut cursus luctus, ipsum",,2023-02-10 00:00:23
"eu arcu. Morbi sit amet massa. Quisque porttitor eros nec tellus. Nunc lectus pede, ultrices a, auctor non, feugiat nec, diam. Duis mi enim, condimentum eget, volutpat ornare, facilisis eget, ipsum. Donec sollicitudin adipiscing ligula. Aenean gravida nunc",,2023-02-10 00:00:23
"scelerisque mollis. Phasellus libero mauris, aliquam eu, accumsan sed, facilisis vitae, orci. Phasellus dapibus quam quis diam. Pellentesque habitant morbi tristique senectus et netus et malesuada fames ac turpis egestas. Fusce aliquet magna a neque. Nullam",,2023-02-10 00:00:23
"eu metus. In lorem. Donec elementum, lorem ut aliquam iaculis, lacus pede sagittis augue, eu tempor erat neque non quam. Pellentesque habitant morbi tristique senectus et netus et malesuada fames ac turpis egestas. Aliquam",,2023-02-10 00:00:23
"iaculis, lacus pede sagittis augue, eu tempor erat neque non quam. Pellentesque habitant morbi tristique senectus et netus et malesuada fames ac turpis",,2023-02-13 00:00:23
"ultricies ligula. Nullam enim. Sed nulla ante, iaculis nec, eleifend non, dapibus rutrum, justo. Praesent luctus. Curabitur egestas nunc",,2023-02-13 00:00:23
"auctor odio a purus. Duis elementum, dui quis accumsan convallis, ante lectus convallis est, vitae sodales nisi",,2023-02-13 00:00:23
"mollis non, cursus non,",,2023-02-13 00:00:23
"Integer aliquam adipiscing lacus. Ut nec urna et arcu imperdiet ullamcorper. Duis at lacus. Quisque purus sapien, gravida non, sollicitudin a, malesuada id, erat. Etiam vestibulum massa rutrum magna. Cras convallis convallis",,2023-02-13 00:00:23
"tellus eu augue porttitor interdum. Sed auctor odio a purus. Duis elementum, dui quis accumsan convallis, ante lectus convallis est, vitae sodales nisi magna sed dui. Fusce aliquam, enim nec tempus scelerisque, lorem",,2023-02-13 00:00:23
"nisi. Cum sociis natoque penatibus et magnis dis parturient montes,",,2023-02-13 00:00:23
diam luctus lobortis.,,2023-02-13 00:00:23
"elit pede, malesuada vel, venenatis vel,",,2023-02-13 00:00:23
"viverra. Donec tempus, lorem fringilla ornare placerat, orci lacus vestibulum lorem, sit amet ultricies sem magna nec quam. Curabitur vel lectus. Cum sociis",,2023-02-13 00:00:23
"magna. Ut tincidunt orci quis lectus. Nullam suscipit, est ac facilisis facilisis, magna tellus faucibus leo, in lobortis tellus justo",,2023-02-01 00:00:35
"Mauris vel turpis. Aliquam adipiscing lobortis risus. In mi pede, nonummy ut, molestie in, tempus eu, ligula. Aenean",,2023-02-01 00:00:35
Curabitur massa. Vestibulum accumsan neque et,,2023-02-01 00:00:35
quis arcu vel quam dignissim pharetra. Nam ac nulla. In tincidunt congue turpis. In condimentum. Donec at arcu. Vestibulum ante ipsum primis in,,2023-02-01 00:00:35
eu elit. Nulla facilisi. Sed neque. Sed eget lacus. Mauris non dui nec urna suscipit nonummy. Fusce fermentum fermentum arcu. Vestibulum ante ipsum primis,,2023-02-01 00:00:35
"interdum enim non nisi. Aenean eget metus. In nec orci. Donec nibh. Quisque nonummy ipsum non arcu. Vivamus sit amet risus. Donec egestas. Aliquam nec enim. Nunc ut erat. Sed nunc est, mollis non, cursus non,",,2023-02-01 00:00:35
"tempor, est ac mattis semper,",,2023-02-01 00:00:35
"mi, ac",,2023-02-01 00:00:35
"Donec est mauris, rhoncus id, mollis nec, cursus a, enim. Suspendisse aliquet, sem ut cursus luctus, ipsum leo elementum sem, vitae aliquam eros turpis",,2023-02-01 00:00:35
"tortor. Integer aliquam adipiscing lacus. Ut nec urna et arcu imperdiet ullamcorper. Duis at lacus. Quisque purus sapien, gravida non, sollicitudin a, malesuada id, erat. Etiam vestibulum massa rutrum magna. Cras convallis",,2023-02-01 00:00:35
